b'Little D takes the America! First stop Mackinac &amp; the U.P.! \n\n[[P.s. Little D aka Little Dwayne is our mascot for o\xe2\x80\xa6 https://t.co/5tNT4Vb76T'|45.78053221|-84.72736364
b"Here is 1 more tip for Tonight's Videos on the 1934 Ford Pickup Truck 3in1 Custom Builds. This is for the Custom Tr\xe2\x80\xa6 https://t.co/0yZy39RRRD"|40.7|-73.593
b'Yesterday after cleaning up at our camp site to get ready for Labor Day Weekend. #LakeConnorPark #Camping #Nissan\xe2\x80\xa6 https://t.co/dtUOpV7n13'|47.729179|-122.2948945
b"#WrapUp Video for Tonight's Videos/Steps on the 1934 Ford Pickup Truck 3in1 Kits Custom Builds. Thomas also gives y\xe2\x80\xa6 https://t.co/eiedQAjzHl"|40.7|-73.593
b'My 46 mile bicycle ride to Tacoma with boneladyg\n\n#jerym\xc3\xafha #boneladyg #friends #deafriendly #deaffriendly\xe2\x80\xa6 https://t.co/9bZNKiR7TD'|47.6064|-122.331
b'Congrats Paul! 2020 Chevrolet Silverado 1500! #openroad #openroadautoconcierge #chevrolet #chevytrucks\xe2\x80\xa6 https://t.co/vgz11odkfu'|33.97842|-117.55828
b'Nissan Navara taillights tinting\n\n\xf0\x9f\x97\xba 3 Oracle Drive Albany\n\xe2\x98\x8e\xef\xb8\x8f 09 426 7287\n\xf0\x9f\x93\xb1 027 777 9451\n\n1. Royal Class\nUV CUT - 99\xe2\x80\xa6 https://t.co/O1Q56l6tPF'|-36.7343193|174.6991905
b'Night Time Nursery rhymes ! Some of them want to use you! I travel the world and the seven seas. Everybody\xe2\x80\x99s lookin\xe2\x80\xa6 https://t.co/R8ZD8f7PDv'|36.23755829|-115.0946188
b'Been too long!! #datenight #hondaya (@ Honda-Ya Japanese Restaurant in Tustin, CA) https://t.co/HuxV2ox3WX'|33.7404499|-117.82388146
b'Neatly used Toyota Corolla with leather interior is available for quick sale at 1.2m, Call us today for more enquir\xe2\x80\xa6 https://t.co/n9XyMzDrKQ'|6.45306|3.39583
b'Summertime in Tahoe - 360 edition \xf0\x9f\x8c\x8e \xf0\x9f\x93\xb8 @ Lake Tahoe, California https://t.co/3sWKPfV4wr'|39.08743603|-120.05584717
b"Stay tuned for the new excitement of the road and don't forget to raise ourself upbeat to break any barriers that s\xe2\x80\xa6 https://t.co/AGT6zMXrm9"|3.0127808|99.0845311
b'\xf0\x9f\x91\x80 \xf0\x9f\x91\x80 \xf0\x9f\x91\x80\n\n#swipeleft \n\ncolour change \n #toyota #camry #facelift\n\nOriginal parts only with warrantee \n\nPaint with the b\xe2\x80\xa6 https://t.co/7caC6GkeVN'|9.08879076|7.43911743
b'Make it a September to remember... let\xe2\x80\x99s do this \xf0\x9f\x92\xaa \n\n#september #2020 #septiembre #letsdothis #newmonth\xe2\x80\xa6 https://t.co/pgQGZSx41M'|35.17982|-89.89743
b'Make it a September to remember... let\xe2\x80\x99s do this \xf0\x9f\x92\xaa \n\n#september #2020 #septiembre #letsdothis #newmonth\xe2\x80\xa6 https://t.co/Lx7Mvnp38J'|35.17982|-89.89743
b'No. 81 / 99 reasons to visit Ettalong Beach \xf0\x9f\x91\x89Thai Space -Thai Space Ettalong has been established since 2014.We mai\xe2\x80\xa6 https://t.co/fxKq7JoUoF'|-33.51434384|151.33939139
b'MWANZA MWANZA\n\nToyota PORTE - Milioni 6.8 tu\n\nMileage:\nYear:\ncc: 1490\n\xf0\x9f\x93\x8dM W A N Z A\nAutomatic\nClean condition\nSports\xe2\x80\xa6 https://t.co/UOrS0mY3hs'|-2.51876124|32.90193864
b'Can you recommend anyone for this job in South Lake Tahoe, CA? https://t.co/zNQiBmHVmt #hospitaljobs #RN'|38.939926|-119.9771868
b'#lovemybike #ridesave #niewiederwenigerals1500ccm #suzukiintruder1500 #suzukiintruder #intruder #chopper #motorrad\xe2\x80\xa6 https://t.co/AdG3JOnCqM'|48.38506623|16.20726798
b'"Failure is the opportunity to begin again more intelligently." - Henry Ford\n\nIn the book Think &amp; Grow Rich Hill me\xe2\x80\xa6 https://t.co/iUi1WMogGs'|37.35764697|27.28771151
b'#ilovemydog #doglover #oldenglishbulldog #oeb #sweetheart #chevy #unsersonnenschein #bulldog #mybiglove #dog @ Art\xe2\x80\xa6 https://t.co/cPoAY3hmDM'|48.38506623|16.20726798
b"Stay tuned for the new excitement of the road and don't forget to raise ourself upbeat to break any barriers that s\xe2\x80\xa6 https://t.co/icJEUJNhtF"|-2.99998497|120.19767495
b"Stay tuned for the new excitement of the road and don't forget to raise ourself upbeat to break any barriers that s\xe2\x80\xa6 https://t.co/9Hqcyz0D5u"|-2.99998497|120.19767495
b'Cabrona with a big heart \xf0\x9f\x96\xa4\xe2\x9c\xa8 #YoSoyMala \n\xf0\x9f\x93\xb8 by @Mr_OKil \n#hair #makeup &amp; #styling by me \xf0\x9f\x99\x8b\xf0\x9f\x8f\xbb\xe2\x80\x8d\xe2\x99\x80\xef\xb8\x8f\nSpecial thanks to mii_k\xe2\x80\xa6 https://t.co/6iMHZN335c'|34.0564|-118.2445
b'The all new Honda Brio RS cvt\nCan be yours at 118K downpayment \n15K@5yrs\nApply online\nSubject to bank approval\nCall\xe2\x80\xa6 https://t.co/Waun1iys7M'|13.95212804|121.16125792
b'Golden State of mind with our Armenian Alphabet bag.\n.\n.\n.\n.\n.\n.\n.\n.\n.\n#anetscollection #malibu #armeniangifts\xe2\x80\xa6 https://t.co/rFH3efcFh9'|34.0304|-118.779
b'Powderfinger Prep Album of Unreleased Material for 20th Anniversary of \xe2\x80\x98Odyssey Number Five\xe2\x80\x99 - Billboard\xe2\x80\xa6 https://t.co/kM69nIx8nJ'|51.5447969|0.04968474
b'Yesterday after cleaning up at our camp site to get ready for Labor Day Weekend. #LakeConnorPark #Camping #Nissan\xe2\x80\xa6 https://t.co/TTYzHrrpyD'|47.729179|-122.2948945
b'Another Honda CBF1000 with charging issues, well when I say issues it\xe2\x80\x99s more like, another smoked ring of \xf0\x9f\x94\xa5 fire! @\xe2\x80\xa6 https://t.co/XIIOXITr9b'|53.5105166|-1.14028133
b'With a stunningly bold design and incredibly intelligent features, it\xe2\x80\x99s time for you to experience the best of both\xe2\x80\xa6 https://t.co/2Ohwoxql1t'|21.20826082|81.36715215
b'Nissan Terra Rearbar is Available Now. \xf0\x9f\x98\x8e\n\nLimited Stock \n\n#bantengmas #nissan #terra #aksesoristerra\xe2\x80\xa6 https://t.co/Nlzas7MYw7'|-6.15474207|106.84888601
b'#Repost @bantengmas\n\xe2\x80\xa2 \xe2\x80\xa2 \xe2\x80\xa2 \xe2\x80\xa2 \xe2\x80\xa2 \xe2\x80\xa2\nBanteng Mas\n\nNissan Terra Rearbar is Available Now. \xf0\x9f\x98\x8e\n\nLimited Stock \n\n#bantengmas\xe2\x80\xa6 https://t.co/IrL4cWj2Dh'|-6.15473396|106.84898272
b'OMG, why do I keep forgetting my most committed \xf0\x9f\x8f\x90 fam! Even had a dad join in for awhile with the Lady Mustang as I\xe2\x80\xa6 https://t.co/mQPFeHdolb'|29.9689|-95.6969
b'Jimmy Dean - East Liberty, Ohio -  Jimmy Dean sausage egg cheese biscuit I bought the sausage egg cheese biscuit at\xe2\x80\xa6 https://t.co/0oOwWEql87'|40.2765353|-83.5185343
b'#Anothermiracle, Always on (((One Accord))) with @streetcornerres Founder @ieshasekou \nSpeak Peace Foward \xe2\x98\x9d\xf0\x9f\x8f\xbf\n\nMinis\xe2\x80\xa6 https://t.co/9aGwmY65pt'|40.82136|-73.93798
b'#latergram When one door closes, another one opens. I loved my Ford Escape Hybrid and would still be driving it if\xe2\x80\xa6 https://t.co/kYJb9IAZC6'|35.7781|-78.6349
b'#Carpool #MustangRidge -&gt; #DeerPark rideshare #splitcosts https://t.co/WCKXSB5Xdx'|30.0568828|-97.6911124
b'My sister Honda Civic FN, before I cleaned it! #honda #hondacivic #hondacivicfn2 #beforecleaning #valet\xe2\x80\xa6 https://t.co/kFlpnNzj1K'|50.9779|-1.4375
b'My sister Honda Civic FN, after cleaning! #honda #hondacivic #hondacivicfn2 #cleaning #valet #detailingdaily @ Nort\xe2\x80\xa6 https://t.co/Xy6zJlvITW'|50.9779|-1.4375
b'Houston, Texas - Got happy hour here Friday night (8/28/20) with my girlfriend. Ordered various tacos (including a\xe2\x80\xa6 https://t.co/HFNNTbAZin'|29.7981309|-95.3823537
b"If you're looking for work in South Lake Tahoe, CA, check out this job: https://t.co/CdcTmTLePV #hospitaljobs #RN"|38.939926|-119.9771868
b'Literally park them anywhere #scooter #vespa #cc #scooters #scoot #scootering #undialed #yamaha #scooterlife\xe2\x80\xa6 https://t.co/oMxzhXciTu'|40.81816724|-73.10297272
b'Shades of blue !! #roguemenswear #roguemenswearbexleyheath #boss #tramarossa #valentino #newweeknewgoals\xe2\x80\xa6 https://t.co/iTHb32jBO9'|51.4575577|0.1363486
b'99 Days of Race Cars. #56 Bobby Reuse Chevy Silverado at @ctmpofficial 2019\n\n#racing #racecar #99daysofracecars #56\xe2\x80\xa6 https://t.co/JjuDbamPvm'|44.05344321|-78.67424523
b'\xe2\x80\x98Zilla with the Angles\n\n#nissan #godzilla #gtr #gtr35 #nissangtr #nismo #nismoracing #gtrnismo #nissanskyline\xe2\x80\xa6 https://t.co/RJwCQOm9RF'|37.9828063|-122.0772753
b'Genuine Toyota oil filter and fully synthetic engine oil from German .... good products for your oil change for a c\xe2\x80\xa6 https://t.co/oD1hJmpobH'|5.55|-0.2
b'Had a little play up the yard testing our 4x4s on the gravel mounds. #ford #fordranger #nissan #nissanpathfinder\xe2\x80\xa6 https://t.co/cJ98L6zjFq'|50.9779|-1.4375
b'Impala of the Day 01/09/20\n. \n1958 Impala . .\n.\n.\n\xf0\x9f\x93\xb8 lowrider_visuals \n.\n.\n#impala #impalaforever #impaladodia\xe2\x80\xa6 https://t.co/iZ8LlZjvhC'|-27.60469|-48.46781
b'Cars or Sky?\nA beautiful backdrop for these amazing #Matchbox #Diecast #Cars\n\n\xc2\xb418 RANGE ROVER VOGUE SE (METALFLAKE\xe2\x80\xa6 https://t.co/7CVBjBlzvU'|22.48564529|88.38876486
b'Welcome to our Priority One Event 2020. \n\nWe still have appointments available, if you would like a fantastic deal\xe2\x80\xa6 https://t.co/Qe8sMKzlVc'|53.6029263|-2.1712989
b'Showroom Shot\n#triumph #harleydavidson #honda #yamaha #motorcycle #royalenfield #ktm #ducati #bmw #biker\xe2\x80\xa6 https://t.co/o7ZbciPhg8'|21.0|77.0
b'Did my civic duty before work this am. A few things to note 1. Well organized with safety precautions. 2. Separate\xe2\x80\xa6 https://t.co/CU8GdWc8Rf'|42.5576|-70.8798
b'Aliens (Comics): Rogue Alien "Battle Diorama" - Free US Shipping Premium Masterline Statue by Prime 1 Studio\n\xe2\x80\x94\xe2\x80\x94\xe2\x80\x94\xe2\x80\x94\xe2\x80\x94-\xe2\x80\xa6 https://t.co/wgLPGzWQej'|39.7391|-104.98360001
b'Honda Accord 2018 model touring 2.0Ltr fully loaded mileage 25114KM available for sale GHS149,000 \n\n prospective bu\xe2\x80\xa6 https://t.co/kT4ZWm2WGT'|5.55|-0.2
b'Here for the 215,000 mile service on my 2011 Nissan Murano! (Purchased January 11, 2014, with 33,600 miles.) (@ Bob\xe2\x80\xa6 https://t.co/zN03LONtc4'|39.29661477|-76.50912134
b'Working to build an exciting Virtual Experience for the year today. Looking forward to sharing with all of you the\xe2\x80\xa6 https://t.co/CYZ2DKlcQO'|40.18637296|-75.52913426
b'There is a Mustang for everybody! What is your favorite Mustang? fordperformance @walkerfordco \n\n#ford #shelby\xe2\x80\xa6 https://t.co/Qq8GYazjTZ'|27.93192871|-82.7314194
b'Make/Trim :Toyota corolla \nYear: 2018\nPrice: 6.5m\nCondition: foreign used \nDuty: \xe2\x9c\x85 \nLocation: abuja \nMobile/whatsap\xe2\x80\xa6 https://t.co/NTyE6XbglA'|10.5231|7.44028
b'\xe2\x9c\x85 \xf0\x9f\x87\xba\xf0\x9f\x87\xb8 Alex Withall is ready to hit the road in his new 2020 #Chevrolet #Spark purchased from El Laaouine at\xe2\x80\xa6 https://t.co/R6wnHG5iNh'|27.9937024|-82.706432
b'Hey what are you doing in Indy? Oh just shooting some pics of my friend Ralph\xe2\x80\x99s new corvette for him.\xe2\x80\xa6 https://t.co/wvFE1FFISH'|39.8154798|-85.91088394
b'Hot deal\xf0\x9f\x94\xa5\nMake/Trim : Toyota camry \nYear: 2016\nPrice: \xe2\x82\xa64.5m \nCondition: Exellent Nigerian used \nDuty: \xe2\x9c\x85 \nLocation:\xe2\x80\xa6 https://t.co/xL8Y2QwvUE'|10.5231|7.44028
b'In the lab \xf0\x9f\xa7\xaa \n\nVC: djonesfit_ @ Ford Sports Performance https://t.co/Mm6pQ8618U'|47.58266438|-122.16064641
b'This is the trailer for the latest film titled:\n\xe2\x80\x9cThe Night Before the First Day of Distance Learning, Fall 2020\xe2\x80\x9d\n.\xe2\x80\xa6 https://t.co/2XIn3jUAV3'|39.32323695|-120.26439428
b'If only we had some kind of "army" of trained experts and technicians we could put to work on repairing and upgradi\xe2\x80\xa6 https://t.co/jilbhchvIs'|33.96145|-116.5105
b'On my way to Des Moines @ Tacoma, Washington https://t.co/kvLQ3c8mOH'|47.2414|-122.459
b'Newly Arrived 2008 Toyota Corolla sport going for 2.2m, Call us today for more enquiries 08170116010 or 08053351266\xe2\x80\xa6 https://t.co/ITrxbm6uk9'|6.45306|3.39583
b'#Repost @toyotaid\n\xe2\x80\xa2 \xe2\x80\xa2 \xe2\x80\xa2 \xe2\x80\xa2 \xe2\x80\xa2 \xe2\x80\xa2\nRed is the symbolize of powerful and strength!\nDo you agree?\n\n#Toyota #ToyotaSupra\xe2\x80\xa6 https://t.co/N9qqnqdFFT'|3.0127808|99.0845311
b"Fiesta Mexico \xf0\x9f\x87\xb2\xf0\x9f\x87\xbd birthday cake.\n#flowerpiping #burritopi\xc3\xb1ata #art  #whipcreamcake #embroidery en Marissa's Cake https://t.co/cug5QkkaBv"|33.921113|-118.153925
b'Just in case my fellow Nevadans want to know what the covid-19 mask policies are in Utah, here\xe2\x80\x99s the poster from th\xe2\x80\xa6 https://t.co/xNGCI2MmUt'|40.2710745|-111.7127681
b'Chess in the park with the Odyssey 7Q+ and the Sony #FS700 #SonyImages #Chess #VideoEditor #SanJose @ San Jose, Cal\xe2\x80\xa6 https://t.co/VO9gX94uP9'|37.3376|-121.8865
b'Red is the symbolize of powerful and strength!\nDo you agree?\n\n#Toyota #ToyotaSupra #toyotamadiun #toyotamagetan\xe2\x80\xa6 https://t.co/3Umb8jYv2D'|-7.63246|111.51961
b'First bike ride since FUCK YOU NISSAN JUKE.\n\xe2\x99\xa0\xef\xb8\x8f\n.\n\nKept to footpaths and off-road routes. You don\xe2\x80\x99t go to Valhalla i\xe2\x80\xa6 https://t.co/BTM6bN5Jzx'|52.24992|0.7093
b'Our #LaborDaySellathon begins NOW! Hurry in for 0% APR Financing for 72 Months plus $1,000 Retail Trade Assistance\xe2\x80\xa6 https://t.co/EBFu33Eb9B'|34.03273686|-118.12667668
b'"Coming together is a beginning; keeping together is progress, working together is success." - Henry Ford\xe2\x80\xa6 https://t.co/yR0sn9LSZ6'|-3.29777363|114.58720114
b'Ford Keyless 2013 new bcm and keys coded in after the original bcm suffered heavy water damage. \n\xe2\x80\xa2Key programming\n\xe2\x80\xa2\xe2\x80\xa6 https://t.co/phmH9pkx51'|51.61414|-0.10953
b'Available For Sale!!!\n\xe2\x80\x94\xe2\x80\x94\xe2\x80\x94\xe2\x80\x94\xe2\x80\x94\xe2\x80\x94\xe2\x80\x94\xe2\x80\x94\xe2\x80\x94\xe2\x80\x94\xe2\x80\x94\xe2\x80\x94\xe2\x80\x94\xe2\x80\x94\xe2\x80\x94\xe2\x80\x94\xe2\x80\x94\xe2\x80\x94\xe2\x80\x94\n2005 Toyota Sienna XLE In Sky Blue and Cream Interior\n\xe2\x80\x94\xe2\x80\x94\xe2\x80\x94\xe2\x80\x94\xe2\x80\x94\xe2\x80\x94\xe2\x80\x94\xe2\x80\x94\xe2\x80\x94\xe2\x80\x94\xe2\x80\x94\xe2\x80\x94\xe2\x80\x94\xe2\x80\x94\xe2\x80\x94\xe2\x80\x94\xe2\x80\x94\xe2\x80\x94\xe2\x80\x94\xe2\x80\xa6 https://t.co/hgKtm0Jv1u'|6.43111111|3.41583333
b'#how #old #isthis #tree @ Tahoe Vista, California https://t.co/87w67VLzet'|39.2464|-120.049
b'All around the world, communities discriminate against their darker skinned people, be it in Brazil, India, etc. Wh\xe2\x80\xa6 https://t.co/zxBO5XAZ8R'|-1.292066|36.821945
b'All around the world, communities discriminate against their darker skinned people, be it in Brazil, India, etc. Wh\xe2\x80\xa6 https://t.co/2XtEEFn3Rn'|-1.292066|36.821945
b'Sidegenic. \xf0\x9f\x98\x9d @ Pathfinder Travel and Tours https://t.co/LzuORbba2o'|7.60084259|125.96627653
b'Exit ramp to ob 57 closed due to police activity in #BishopFord on Bishop Ford (I-94) Inbound at I-57 Interchange\xe2\x80\xa6 https://t.co/YKnqX58ifq'|41.71571|-87.62285
b'We are still #praying... #dialin and #joinus.  There is #power when we come together on one accord and seek #God.\xe2\x80\xa6 https://t.co/Lfig1IbuXo'|33.981|-81.2308
b"What it looks when you're driving through the Experienced lane!  \n\n#car #cars #auto #carporn #speed  #love #drive\xe2\x80\xa6 https://t.co/4SNrVs9chH"|39.87034619|-75.10081172
b'Can you recommend anyone for this job in South Lake Tahoe, CA? https://t.co/68u6LA6Aq1 #hospitaljobs #RN'|38.939926|-119.9771868
b'The All-New Nissan Kicks e-POWER. \n\nA full electric vehicle driving experience. Accelerate your driving sensation.\xe2\x80\xa6 https://t.co/X4AXLlCdZ4'|-7.80138889|110.36444444
b'In the early hours of this morning, our magnificent resident male leopard was captured on our camera trap visiting\xe2\x80\xa6 https://t.co/NLZow20X9M'|-16.81666667|28.35
b'Spion &amp; Bumper Repair &amp; Repaint. \nHonda Brio. \n.\n.\n.\n.\n.\n#honda #brio #satya #repaint #respray #paintjob #basecoat\xe2\x80\xa6 https://t.co/WstWWh7V1f'|-6.24091962|106.8268269
b'Closed due to accident in #BishopFord on Bishop Ford (I-94) Outbound between 130th St and Beaubien Woods Forest Pre\xe2\x80\xa6 https://t.co/AtFJmQtij2'|41.65813|-87.58708
b"I looove emaginetheatres but y'all TRIPPIN! $40! When Ford Wyoming charges $12 for adults and $5 for kids under 12!\xe2\x80\xa6 https://t.co/invtMdsuBM"|42.4806|-83.4755
b'Closed due to accident in #BishopFord on Bishop Ford (I-94) Outbound between 130th St and Beaubien Woods Forest Pre\xe2\x80\xa6 https://t.co/SPmIZGZpPC'|41.65813|-87.58708
b"Day two of our Priority One Event! \xf0\x9f\x98\x8e\xf0\x9f\xa5\x82\n\nIf you haven't seen it yet, here is the New Yaris Hybrid! \n\nWe have appointm\xe2\x80\xa6 https://t.co/d2AD8BQ3WS"|53.6029263|-2.1712989
b'Fresh summer outfits !!! \n.\n#karllagerfeld #roguemenswear #roguemenswearbexleyheath #bexley #summervibes @ Rogue Me\xe2\x80\xa6 https://t.co/isCf1VvwDW'|51.4575577|0.1363486
b'#rosecharmsdmcc #mercedesbenz #mercedes #toyota #bmw #honda #nissan dodge #dodgechallenger\xe2\x80\xa6 https://t.co/MIKFmfqcJ0'|25.07930222|55.14961302
b'NEW IN STOCK! @subcitygalway.\n.\nStar Wars: The Vintage Collection - Rogue One - K-2SO - 3.75 Inch Action Figure.\n.\xe2\x80\xa6 https://t.co/s8bGkfIeMP'|53.27461|-9.05039
b'Toyota Hilux Limited 2\xef\xb8\x8f\xe2\x83\xa30\xef\xb8\x8f\xe2\x83\xa31\xef\xb8\x8f\xe2\x83\xa38\xef\xb8\x8f\xe2\x83\xa3 en Santo Domingo, Dominican Republic https://t.co/Ue4HC9kVZ3'|18.4727|-69.8946
b'Ramp blocked by flooding in #Charlotte on BROOKSHIRE Fwy INNER Lp SB at Beatties Ford Rd #traffic https://t.co/FWT2jwReVT'|35.25014|-80.85697
b'#studio2autoradio #autalkshow #Repost haic_motherchapterbandung\n\xe2\x80\xa2 \xe2\x80\xa2 \xe2\x80\xa2 \xe2\x80\xa2 \xe2\x80\xa2 \xe2\x80\xa2\nUltra Glare Bandung\n\non-Air Honda Accor\xe2\x80\xa6 https://t.co/qyjMRvh2WW'|-6.8795662|107.5434229
b'Happy AE92 day!  #ae92 #toyota #corolla #ae92day #shotoniphone #iphonephotography #grupotoyota @ San Juan City, NCR https://t.co/3C99jTMA3U'|14.59880778|121.03419722
b'DSS 26 carrier lock on Mars Odyssey\nFrequency: 8.4067GHz\nSignal strength: -144dBm\nIDLE OFF 1 MCD3'|35.426667|-116.89
b'KTM to lose concessions, Honda cannot gain them: this is the situation: Thanks to the victories of Binder and Olive\xe2\x80\xa6 https://t.co/gCc0b9QhdK'|43.21272978|-75.45736313
b'3 bed detached house, Eaton Ford. Offers In Excess Of \xc2\xa3375,000. Call to view 01480211777. See the full property det\xe2\x80\xa6 https://t.co/0zRozF30II'|52.22605|-0.2672
b'A Taste of Tahoe. @ Sand Harbor Beach https://t.co/2nyTqVTye2'|39.19847141|-119.93221879
b'Fusion of 16 bollywood songs\xf0\x9f\x8e\xa4\xf0\x9f\x8e\xb6\n#bollywoodsongs #lovesongs\xe2\x9d\xa4\xef\xb8\x8f #mashupsongs #bollywoodmashup #romanticsongs #fusion\xe2\x80\xa6 https://t.co/C9mydeTAoo'|28.9833|77.7
b'Red Corvette.  36-36\xe2\x80\x9d acrylic on canvas.  Artist - gordiehinds #gordiehinds #gordiehindsstudios #corvette #surfing\xe2\x80\xa6 https://t.co/ONZagu1Vax'|29.03333333|-82.71666667
b'This ia Nissan Serena Highway Star 2.0L , 4 cylinder petrol engine that fires 148 hp of power and 199 Nm torque. \nW\xe2\x80\xa6 https://t.co/sm0fhtILgZ'|-6.20294182|106.80097617
b'DSS 26 receiving data from Mars Odyssey at 142.2kb/s.\nIN LOCK OFF 1 MCD3'|35.426667|-116.89
b'\xe2\x9c\xa8 I N T R O D U C I N G \xe2\x9c\xa8 C L A S S E S \xe2\x9c\xa8\n\nWe are very excited to be sharing with you our new class timetable at Fo\xe2\x80\xa6 https://t.co/fxzWPgOjy1'|50.3877267|-4.16604996
b'Another pictures of Ford Puma !\nCar Owner : ford_center_soest \n#ford #fordpuma #fordpuma2020 #forddeutschland #eco\xe2\x80\xa6 https://t.co/3A6bilMUcH'|51.06914132|6.19228404
b'Started out with 6 of us today for some BRAND NEW AMPD FUSION - Fall Schedules in full swing so I ended with just t\xe2\x80\xa6 https://t.co/omsK5PI4oR'|39.22184816|-74.70617373
b'Chocolate Fiddle 200 #scooter #vespa #cc #scooters #scoot #scootering #undialed #yamaha #scooterlife #motorcycle\xe2\x80\xa6 https://t.co/CqWUU0ktpY'|40.81816724|-73.10297272
b'LATE NIGHT Delivery!!! THANK YOU to the Edmonds Family! #BeASportFanToo @ Sport Chevrolet https://t.co/8dK5kKXls8'|39.08134646|-76.94768536
b'Ford Fiesta 1.0 Titanium Navi DAB Spur Temp PDC - Link: https://t.co/IfG7gXRCIu - #ford #fiesta #titanium\xe2\x80\xa6 https://t.co/m8rNxyn2AU'|50.9459|6.62198
b'\xf0\x9f\x8e\xa5 NEW VIDEO - Another cracking video from jb.ctr, this time giving you an insight into the build process of our hug\xe2\x80\xa6 https://t.co/MTscGKJkMi'|52.07579|0.43797
b'Filthy, just like the neighbourhood...\n\nLast trip to the shops\n\n#Ford #Falcon #FordFalcon #EFFalcon #ESeriesLyfe\xe2\x80\xa6 https://t.co/z6D7f8J3g5'|-37.87737297|144.60381374
b'Sept 2nd is World Coconut Day... Perhaps not the most exciting of events, but we can still find a reason to make it\xe2\x80\xa6 https://t.co/MfgzGsht9c'|41.0805|-85.1392
b'\xf0\x9f\x98\xb7 \xf0\x9f\x8f\x81 Sean Kelly recently signed the paperwork for this 2020 #Chevy #MalibuRS he purchased from Paul Jernigan... his\xe2\x80\xa6 https://t.co/XyACrYZEY7'|28.0035328|-82.7260928
b'Diesel in Petrol Nissan Juke Manchester. Drained, Flushed, Refilled sorted in 40mins.\n\n\xe2\x9b\xbd\xef\xb8\x8f WRONG FUEL MASTER \xe2\x9b\xbd\xef\xb8\x8f\n\n24/\xe2\x80\xa6 https://t.co/FlswzXAyKT'|53.4793|-2.2463
b'Rogue: Running https://t.co/VO394wRopp'|43.1093|-85.5655
b'The last ride.\n\nI now have 3 months before I can enjoy this view again....\n\n#DontSpeed #Ford #Falcon #FordFalcon\xe2\x80\xa6 https://t.co/SJ9eO7tfQ6'|-37.8935|144.623
b'corvettebarbie and her very cool Pink Wrapped Corvette !! @ Halifax, Nova Scotia https://t.co/5wfUG7kDAD'|44.6462|-63.5735
b'New at Alderman Ford Antiques: 1980\xe2\x80\x99s \xe2\x80\x9cWhat our Mother\xe2\x80\x99s Wore\xe2\x80\x9d 18k and 14k Nautilus diamond ring, Scallop, Starfish\xe2\x80\xa6 https://t.co/lbkcbfLNT0'|34.0006|-81.0442
b'Reckon Bullbar by Jungle4x4\n\n#bantengmas #bullbar #jungle4x4 #reckonbumper #reckonbar #toyota #Hilux #revo #dcab\xe2\x80\xa6 https://t.co/qf8ssoyAvq'|-6.15474207|106.84888601
b'Check out our customers 1976 Toyota Corolla with 80,000 miles on it! \xf0\x9f\x98\x8d\nHow many KMs does your Toyota have?\xe2\x80\xa6 https://t.co/vQjUSdyGYu'|43.96905205|-79.28052459
b'Hey there, Tracy! I like YOUR new #Chevrolet #Silverado.  #Congrats and enjoy your new #truck. \n\nIt was a pleasure\xe2\x80\xa6 https://t.co/FqZ5PwfkcB'|38.5810432|-92.176384
b'I see a Supra! \xf0\x9f\xa5\xb0\xf0\x9f\x8f\x8e\xf0\x9f\x92\xa8 #toyota #toyotasupra #supra #bmw #bmwz4 #z4 @ Always Clean Detailing Services https://t.co/05vL9xi8B8'|40.92812117|-74.11621571
b'Heavy-Duty Fast Pour Fuel Can with Pourer on Cap (Built-in) on Yakima Bracket\n\n#bantengmas #proform #sportlid\xe2\x80\xa6 https://t.co/sLvqEdBTKe'|-6.15474207|106.84888601
b"Lift Jack Bracket by Yakima on Top Of Platform Lockn'Load Yakima \n\n#bantengmas #proform #sportlid #newzealand\xe2\x80\xa6 https://t.co/ANUmY4b04J"|-6.15474207|106.84888601
b'Please welcome Jordan Lewis to the SUNY Morrisville basketball program. Our newest Mustang comes from Hudson Valley\xe2\x80\xa6 https://t.co/A4GbtUQDNl'|42.8905766|-75.64121246
b'Not a great start to the working week! But can\xe2\x80\x99t fault Ford Assist and @theaa_help #thankful @ Melton Mowbray https://t.co/wciNROPgq2'|52.76635|-0.88977
b'My big girl makes me so proud and I promise to make you even prouder! \n.\n.\n.\n#telos\xf0\x9f\x8c\x8d #telopathtv #realyaadmantv\xe2\x80\xa6 https://t.co/dbxhIOywXz'|39.0|-76.7
b'Made the big boy purchase yesterday \xf0\x9f\x99\x87\xf0\x9f\x8f\xbe\xe2\x80\x8d\xe2\x99\x82\xef\xb8\x8f\xf0\x9f\x8c\x9f                                                              Thank you G\xe2\x80\xa6 https://t.co/04takEv5RT'|32.83595108|-96.99993931
b'ford \xf0\x9f\x93\xb8 #MustangMedicShotThat @ Carlisle Ford Nationals https://t.co/ch0rbuiWj0'|40.21792562|-77.18273925
b'Hairline, Beard, and Design Enhancement by @prhector using Real Hair Fusion \xf0\x9f\x92\xaf% Real Hair Fibers. Purchase\xe2\x80\xa6 https://t.co/pxJw0kVhcM'|38.8951|-77.0367
b'You are feeling sleepy....right! Come in to Crafty Praxis for a lovely look at all the handmade items! This odyssey\xe2\x80\xa6 https://t.co/qxlIHdnghJ'|53.64738649|-1.78298214
b'About last night....... @ Malibu, California https://t.co/g4JOzoRPvD'|34.0304|-118.779
b'Where to this weekend?\n\nAlways down for off-roading. \nWhen off-roading is life.\n.\n#bantengmas #LandCruiser200\xe2\x80\xa6 https://t.co/lSwPRzYk4s'|-6.15474207|106.84888601
b'Love for the motorcycles would never die whether life size or miniature size. \n\nComment n follow :- @joegautam\xe2\x80\xa6 https://t.co/RVHlDpaltk'|26.8388|80.9381
b'Drop-in each and every Tuesday for Adult Move and Groove Hip-Hop Fusion dance classes with @_ajaythedancer! \n\nDrop\xe2\x80\xa6 https://t.co/ec3xPxHRMA'|38.896|-76.95652
b'Interested in a job in South Lake Tahoe, CA? This could be a great fit: https://t.co/fnKK5bu0sd #hospitaljobs #RN'|38.939926|-119.9771868
b'Temporary closure - accident in #LasVegas on I-15 SB between Blue Diamond Rd/Exit 33 and Silverado Ranch Blvd/Exit\xe2\x80\xa6 https://t.co/xWEkLc91mg'|36.03423|-115.1806
b'Checking in, to perform an important civic duty. @ Warren County Justice Center https://t.co/5kBvN2Rl77'|37.0015602|-86.4321718
b'Honda Accord driver FCZ2388 blocked the bike lane near 258 W 26th St on September 2. This is in Manhattan Community\xe2\x80\xa6 https://t.co/YS7BG22SYv'|40.7467602|-73.9963214
b'One of our Butterfly Works Squad members won!!! Yay!! Congratulations Payton ( paytonthebeast ) !!!!\n\nYour win made\xe2\x80\xa6 https://t.co/GzD2bsxvbt'|38.8951|-77.0367
b'\xe2\x80\x9cSorry Goose, but it\xe2\x80\x99s time to buzz the tower.\xe2\x80\x9d\n.\n.\nford @fordgtforum @FPRacingSchool @fordgtretailer\xe2\x80\xa6 https://t.co/gE6dFRBMSj'|33.9561|-118.4422
b'Repost via g4crx\n\xe3\x83\xbb\xe3\x83\xbb\xe3\x83\xbb\nOwner: chung_rex \nPhoto credit: Tag\n.\n#honda #hondalove #ef9 #zc #crxcommunity #ef7 #ef8\xe2\x80\xa6 https://t.co/ExOFqGUlB0'|35.69410995|139.71124649
b'Congratulations &amp; Welcome to Honda Family. Drive Safe. Wear an Helmet and a Mask. \n\n#honda #activa #xblade #shine\xe2\x80\xa6 https://t.co/SV2FCnmrUS'|21.20826082|81.36715215
b'\xf0\x9f\x92\x99 DEAL OF THE DAY \xf0\x9f\x92\x99\n\n***2020 Ford Escape SE***\n\n**Was: $28,350**\n**Now: $23,500!!**\n\n[Stock# k1600]\n\n#PalmettoFord\xe2\x80\xa6 https://t.co/oT84ui8LfQ'|32.7858984|-80.0120069
b'Congratulations to Austin and Selan on their Honda Civic that they purchased from our sales associate Allen Ma! Tha\xe2\x80\xa6 https://t.co/7i68pqcRam'|39.90359173|-75.22529847
b'CONGRATULATIONS DAVID!! \xf0\x9f\x8e\x89\xf0\x9f\x8e\x89 #ThankYou \n\n#Repost tbar360\n\xe2\x80\xa2 \xe2\x80\xa2 \xe2\x80\xa2 \xe2\x80\xa2 \xe2\x80\xa2 \xe2\x80\xa2\nCongratulations \xf0\x9f\x8e\x89 David\xe2\x80\xbc\xef\xb8\x8fAwesome job tbar360 \xf0\x9f\x91\x8a\xf0\x9f\x8f\xbe\xe2\x80\xa6 https://t.co/tr1KU3brBw'|32.7858984|-80.0120069
b'#Repost via builtbylegends\n\xe3\x83\xbb\xe3\x83\xbb\xe3\x83\xbb\nCaption this.\n#spooncivic #supertaikyu\n#honda #civic #eg6 #spoonsports #mugen\xe7\x84\xa1\xe9\x99\x90power\xe2\x80\xa6 https://t.co/djwC1TgRCP'|35.69373462|139.61701645
