b'Quarantine life continue \xf0\x9f\x98\xb7\xf0\x9f\x98\xb7 wear a mask\xe2\x80\x94 Covid-19 still we us\xf0\x9f\x98\xb7\xf0\x9f\x98\xb7\xf0\x9f\x98\xb7  be smart-be-respectful and care for your Familia,\xe2\x80\xa6 https://t.co/0UBvUus89z'|41.11925|-74.11121
b'Don\xe2\x80\x99t let COVID prevent you from getting your immunizations. Stop in at Heartland to get up to date on your immuniz\xe2\x80\xa6 https://t.co/hQjHvsfYTN'|40.71479|-89.61267
b'#HangingOut With #myfarbabies #MyDog #MyBrothersDog #MyCat #MyKitten #Indoors #Covid #QuarantineHangOut\xe2\x80\xa6 https://t.co/do1uEdyLQt'|37.6615|-120.995
b'A discreet rodent station is important for sensitive accounts.  Due to COVID, NYC restaurants only allow outdoor di\xe2\x80\xa6 https://t.co/ldi6QHO8bP'|40.6303|-74.0889
b'In Managua, Nicaragua, many families had lost all sources of income. Through the COVID-19 Response Fund, we partner\xe2\x80\xa6 https://t.co/N7gL6xU57T'|12.1364|-86.2514
b'Self-isolation is a breeze with this view. \xf0\x9f\x8c\x85 \n.\n.\nRight now, anyone travelling to SA from NSW &amp; ACT has to self-iso\xe2\x80\xa6 https://t.co/LdHBoNKw7t'|-34.97143241|138.51085687
b'ZH NRoom \xe2\x80\x94 Residents of Wuhan, China party in a waterpark as the city inches back towards a normal life: Crowds p\xe2\x80\xa6 https://t.co/zanutcUjQx'|40.01709786|116.52099609
b'No one told me how emotional it is when you drop your child off at college for the first time...happy and sad simul\xe2\x80\xa6 https://t.co/XVRCDjDYL1'|39.17678402|-86.51484489
b'Covid 19 don\'t got nothing on this murder by gun rate here in Philly.  It\'s a literal "free for all"! @ Philadelphi\xe2\x80\xa6 https://t.co/GnBFbh3G03'|39.9527|-75.1651
b'At STRIC your safety is or priority. During COVID-19 we have instituted additional measures to keep both our patien\xe2\x80\xa6 https://t.co/pCpjot9RRS'|31.9685988|-99.9018131
b'Wondering why so many people are turning to the internet to make money especially during these COVID times? Well th\xe2\x80\xa6 https://t.co/oduMN0eC50'|43.09484162|-79.0726778
b'Time to include mental health professionals in public health insurance, paper argues https://t.co/CNYRKXFYA7 https://t.co/32iwYO043q'|48.47593351|-81.32806152
b'I am all for this but currently have no choice as in quarantine in Sydney. We are not permitted over our threshold\xe2\x80\xa6 https://t.co/91auMlRrJ8'|-33.86751|151.20797
b'Prime Minister Andrew Holness says a Jamaica Labour Party government will provide free COVID-19 vaccines for Jamaic\xe2\x80\xa6 https://t.co/GEC9RZV3tR'|18.00989629|-76.79359674
b'Join us in welcoming Ms. Marietta to our Falcon Team! \xf0\x9f\x92\x99\xf0\x9f\x92\x9b Ms. Marietta is our COVID Sanitation Specialist and is res\xe2\x80\xa6 https://t.co/PRvOTK1GsI'|27.63902975|-80.40642588
b'#TraitorTrump says "we\'ll look at" treating #COVID with an untested, toxic plant extract touted by MyPillow CEO...\xe2\x80\xa6 https://t.co/rLg9jKNyVc'|38.93955231|-77.02474213
b'This Trawler\xe2\x80\x99s Haul: Evidence That Antibodies Block the Coronavirus https://t.co/VNvglVS8vf https://t.co/bTkYSYSzIB'|51.63706957|0.6751442
b'Fighting Stigma : Coronavirus: Department Of Health Confirms 2 People Have Died: There is now a total of 27,547** c\xe2\x80\xa6 https://t.co/Z8O37cSzBE'|45.6677507|-73.47935661
b"Fighting Stigma : Covid-19 restrictions: What do they mean for sport in Ireland?: Can parents watch kids' matches?\xe2\x80\xa6 https://t.co/6HQfkPb91T"|45.6677507|-73.47935661
b'COVID-19 update forgot to mention I was suspended one day from my employer because I shared information from The We\xe2\x80\xa6 https://t.co/DPQ8GHaoYJ'|40.74235911|-73.97421
b"UNC-Chapel Hill's student newspaper editorial calls out university leadership on in-person classes after Covid-19 o\xe2\x80\xa6 https://t.co/dtlpiNL1zZ"|41.3854908|-75.7080613
b'TDSB Now Wants To Cut Class Sizes In Neighbourhoods Hardest Hit By COVID-19 https://t.co/bjIYSyrb91 #Canada #Ontario #News'|57.82886951|-101.67453255
b"Biting into a legend never gets old... Bummed covid took my tots away this summer. (@ Redamak's Tavern in New Buffa\xe2\x80\xa6 https://t.co/DuEpnhpaJB"|41.79721139|-86.73699889
b'Due to Covid-19 my wife and I didn\xe2\x80\x99t feel comfortable going out for a fancy dinner to celebrate. So I got in touche\xe2\x80\xa6 https://t.co/g80odwdSXN'|29.5441|-81.2312
b'https://t.co/q1bIRBjDj8 The July memo was blunt. Students at Sam Houston State University had been promised \xe2\x80\x9cdirect\xe2\x80\xa6 https://t.co/SpfdkRRNba'|30.26585335|-97.73549055
b'#lies #coronavirus #2020isoversoonright @ Anderson, South Carolina https://t.co/10Snvw1YHc'|34.5145|-82.6489
b'Coronavirus is making it more difficult for young people to get their start in a career.\nListen to the career start\xe2\x80\xa6 https://t.co/QQUWD2lcTL'|-37.7667|145.083
b'Covid paddle today @ The Bush https://t.co/uYYImJ2zlH'|44.5777132|-76.21050763
b'Smiling under my mask because I just donated enough plasma to help 4 people survive COVID. If you\xe2\x80\x99ve recovered from\xe2\x80\xa6 https://t.co/Ru7uT0gKLv'|33.66240636|-117.77391279
b'This is exactly how 2020 started off and then Covid hit. @ Portland, Oregon https://t.co/pJzOEMVzji'|45.518237|-122.678249
b'#COVID-19 update from Bhutan \xf0\x9f\x87\xa7\xf0\x9f\x87\xb9 \n\nLockdown Day 11\n21st August\n\nStay Home - Home is Safest \n\nStay Safe \xf0\x9f\x99\x8f @ BMT Happi\xe2\x80\xa6 https://t.co/lFtARUCPZO'|27.42030322|89.6365
b'NECRO - \xe2\x80\x9cCOVID-19 (PESTILENCE)\xe2\x80\x9d drops Sept 4th!!! \nThen \xe2\x80\x9cACAB\xe2\x80\x9d 2 weeks after - artwork coming this weekend probably\xe2\x80\xa6 https://t.co/itj0Uncopr'|40.71454389|-74.00703224
b'Quarantine Day 145: The Death Zone.\n.\n#Saltillo #Coahuila #Mexico #HomeTown #HomeSweetHome #COVID19Mexico #COVID19\xe2\x80\xa6 https://t.co/fDTTvRDu7G'|25.4333|-100.983
b'@BuzzFeed Joe Biden Promised A Way Out Of The... https://t.co/HeUYPnrZqE'|52.232222|21.008333
b'With all this covid nonsense, sometimes you just need some vitamin sea heathmow @ Garden City Pier https://t.co/6qg3g5rRQu'|33.60098532|-78.99253928
b'[#RealTips] Like many students, you are probably in the position of being unable to return to school/campus because\xe2\x80\xa6 https://t.co/RnrhnCVl6z'|-7.45914063|110.22287608
b'CodeRED Campaign (Day 21)\n\n"Drugs are a bet with the mind". Jim Morrison\n\nDon\'t toy with your mind by being a drug\xe2\x80\xa6 https://t.co/a8DrIzLplE'|6.44167844|3.52675617
b"I just want to thank Milan Lucic, Cam Talbot, Toby Reider, &amp; Erik Gustafsson for ALL of their help in this year's C\xe2\x80\xa6 https://t.co/yl4jZ91inR"|34.09073173|-118.3136344
b"First #spacrashing since COVID hit! I'm on cloud nine \xf0\x9f\x98\x8d\xf0\x9f\x92\x9a\xf0\x9f\x8c\x8a @ Santa Barbara, California https://t.co/87vcEAl3Aq"|34.4258|-119.714
b'#Colchester Hospital gets ready for second wave of coronavirus - Gazette https://t.co/V4axPJjSEs'|51.88466693|0.82794859
b"#WisdomFriyay\xf0\x9f\xa5\xb0\n\nLet's all endeavour to keep a positive outlook on life, in spite of many things that may not be goi\xe2\x80\xa6 https://t.co/M1r1CY8QBp"|-26.05|27.9667
b'The results are in No Coronavirus. @ Sydney, Australia https://t.co/v2qq9LbYxB'|-33.86751|151.20797
b'IE | NRoom \xe2\x80\x94 Data shows depression has doubled during Covid: UK legislation requires employers to assess mental hea\xe2\x80\xa6 https://t.co/gZSiRgEVUt'|53.36853317|-6.28034668
b'Thank you Kinderhilfswerk Global Care for this wonderful project for our TAPP (Tumaini AIDS Prevention Program) Cli\xe2\x80\xa6 https://t.co/bwgcJ9DlUE'|0.3136|32.5811
b'Tips Post COVID.\n.\n#nutricion #natural #alimentacionsana #organico #sistemainmunologico #defensas #alcalinidad\xe2\x80\xa6 https://t.co/JyHDmrqjzr'|-0.2158|-78.5103
b'Take me back to Batanes \xf0\x9f\x92\x9a\xf0\x9f\x92\x9a\xf0\x9f\x92\x9aRemembering my pre-covid travels. Explored the 3 islands - Sabtang, Itbayat and Batan (B\xe2\x80\xa6 https://t.co/xDwDnMptUR'|20.3356328|121.87274354
b'(08/20/20) 2020 Coronavirus House Arrest Day 158 - Lyft &amp; Uber were able to hold off a shutdown for now, the USPS i\xe2\x80\xa6 https://t.co/aNwqt7ngiT'|34.094365|-118.268892
b'Sharing the love &amp; support to all of our key workers who have worked their butt off during COVID &amp; still are \xf0\x9f\x92\xaa\xf0\x9f\x8f\xbb Tha\xe2\x80\xa6 https://t.co/4RRtoadoYJ'|52.28921|-1.5353
b"Give the new NRL Elite cards have come out for 2020 I thought I'd flashback 1984 where we still had the NSWRFL logo\xe2\x80\xa6 https://t.co/h2omzMFcmX"|-35.34484822|149.24291079
b"There's always 2 sides to every coin.\n\nLiving in these #covid times doesn't change every perspective. Some things o\xe2\x80\xa6 https://t.co/oloDoNF3Ld"|40.76255196|-73.97270005
b"\xf0\x9f\x99\x8f\nBismillah...\nAssalamu'alaikum all good people....\nAre you fine as yesterday..?\n.\nAlhamdulillah...\xf0\x9f\x98\x89\n.\nWe are so so\xe2\x80\xa6 https://t.co/sujiyQ5YdW"|-7.771035|110.404357
b'Fighting Stigma \xe2\x80\x94 Stigma associated with COVID-19 forces wife to light funeral pyre of husband in Malkangiri distri\xe2\x80\xa6 https://t.co/N84Dxpdpmm'|45.63697547|-73.56726563
b'#StoptheSpread \n.\n.\nWear a mask... (if you can - mondayscience ep2 discussion with Dr Saskia Popescu) that\xe2\x80\x99s it. Th\xe2\x80\xa6 https://t.co/zdfMLogroX'|51.5141|-0.1094
b"IE | NRoom \xe2\x80\x94 Ireland's 14-day Covid-19 rate jumps to 22.1 per 100000 people: Ireland's 14-day average of Covid-19 c\xe2\x80\xa6 https://t.co/fBeudqp5bH"|53.36853317|-6.28034668
b'Health workers work at Medical Research and Development Committee Office, #Yangon #Myanmar #Covid_19 #coronavirus\xe2\x80\xa6 https://t.co/0nDTtwVsrF'|16.8151|96.1661
b'Lockdown Lunchtime walks \xe2\x80\xa2\xe2\x80\xa2 #level3 #covid #beach #water #landscape #tideout #nz #auckland @ Beachlands, New Zealand https://t.co/gK56d5Q7BF'|-36.88333333|175.0
b'Lockdown Lunchtime walks \xe2\x80\xa2\xe2\x80\xa2 #level3 #covid #beach #water #landscape #tideout #nz #auckland @ Beachlands, New Zealand https://t.co/RTOTZzCBmy'|-36.88333333|175.0
b'Early covid days. #croptop #bellyout #mask @ Stamford, Connecticut https://t.co/uMScQvwx2h'|41.056747|-73.539006
b'Follow :- @laughter_turn for more \xf0\x9f\x87\xae\xf0\x9f\x87\xb3\ninstagram\nfacebook \n#coronavirus\n#binod #binodmemes #rheachakraborty #rhea\xe2\x80\xa6 https://t.co/GdyZNwDdzb'|26.85|80.91
b'Follow :- @laughter_turn for more \xf0\x9f\x87\xae\xf0\x9f\x87\xb3\ninstagram\nfacebook \n#coronavirus #justice #friend #friends #fun #funny #smile\xe2\x80\xa6 https://t.co/NgP6D05Pav'|26.85|80.91
b'Follow :- @laughter_turn for more \xf0\x9f\x87\xae\xf0\x9f\x87\xb3\ninstagram\nfacebook \n#coronavirus #justice #friend #friends #fun #funny #smile\xe2\x80\xa6 https://t.co/bPyLsGrpOd'|21.0|77.0
b'NHS staff sign up to Covid-19 sniffer dog trial https://t.co/5AA6FCBYTc https://t.co/c071TJaEzi'|52.39170171|-0.53782683
b'Beijing says residents need not wear masks outdoors as COVID-19 cases come down https://t.co/WYsUJ5M7em'|51.50538967|-0.12485951
b'Tip of the day: On the occasion of World Mosquito Day, World Health Organisation (WHO) has confirmed Covid 19 is no\xe2\x80\xa6 https://t.co/W8fcBgJM6H'|22.4728596|88.3631216
b'Friday COVID hangs with my EA franklinfrenchbulldog \xf0\x9f\x90\xb6 #darlodarlings @ Darlinghurst, New South Wales https://t.co/CezHaF02I9'|-33.8779|151.2186
b'Covid SUCKS, canceling college football SUCKS and seriously I\xe2\x80\x99m over 2020 BUT an extra week with my son in August t\xe2\x80\xa6 https://t.co/4XFZ91QeAV'|43.9185925|-89.9373204
b'.\n.\n.\n.\n.\n.\n.\n.\n.\n\ncovid nights\n.\n.\n.\n.\n.\n.\n.\n.\n#covid #2020 #chicago #oldtown #pictureoftheday #picoftheday\xe2\x80\xa6 https://t.co/OhMjpk1lev'|41.922665|-87.649273
b'Border closures drop international trade revenue by 42%\n\nRestrictions on movement of goods and people imposed by go\xe2\x80\xa6 https://t.co/MdPY2cXz07'|6.71667|-1.46667
b'We are happy to announce our Jul-Sept 2020 magazine featuring @umargombe @Hajarakabeer perlesignature cheftachia\xe2\x80\xa6 https://t.co/9th1n5OjrK'|8.87259868|7.96912193
b"Just to say a massive Well Done to this year's 'Covid Class'...\n\nI remember the stress and panic of my GCSE's and A\xe2\x80\xa6 https://t.co/CuVlfx4xYd"|53.4078|-2.9794
b'Wear your own face mask to prevent COVID 19 in Nigeria. @ Aenon Suites &amp; Hotels Oshogbo https://t.co/pVR6SQw9Rs'|7.78926343|4.55119242
b'ON THE BLOG I\xe2\x80\x99m talking about ways we can still be eco-friendly despite the changes brought on by Covid 19...\n\xe2\x81\xa3\nIt\xe2\x80\xa6 https://t.co/OL5n8EFDF6'|56.41555537|-5.47283292
b'When you start to see the goal in sight, you don\xe2\x80\x99t slacken off. Your are reenergised and encouraged to go harder to\xe2\x80\xa6 https://t.co/GXhnT0fKev'|-37.8156|144.9661
b"[Southampton FC] Saints player 'tests positive for coronavirus' after returning to UK after holiday\xe2\x80\xa6 https://t.co/A62VkEBwyq"|50.92752328|-1.4744752
b'UTC -7 | KR \xe2\x80\x94   Korea speeds up developing coronavirus-related products: The Ministry of Health and Welfare and the\xe2\x80\xa6 https://t.co/0fTAILtwac'|49.24963985|-123.12713019
b'UTC -7 | KR \xe2\x80\x94   Spain, South Korea see big jump in new coronavirus cases: Spain and South Korea \xe2\x80\x93 two countries wit\xe2\x80\xa6 https://t.co/bk13XyQ8E0'|49.24963985|-123.12713019
b'UTC -7 | KR \xe2\x80\x94   Bases in South Korea reinstate travel restrictions as coronavirus cases grow: The travel restrictio\xe2\x80\xa6 https://t.co/yj16fRiKLh'|49.24963985|-123.12713019
b'Coronavirus Daily Update: As at 20 Aug 2020, in the Isle of Man there have been 336 confirmed cases. #coronavirus\xe2\x80\xa6 https://t.co/TJFHfXew9K'|54.08989|-4.629734
b'Coronavirus: One death and 136 new cases confirmed in Ireland: Health officials have provided an update this evenin\xe2\x80\xa6 https://t.co/jU4u78VKLF'|53.34411666|-6.26174338
b'#takingtheplunge ... This week, no less than five of my clients and colleagues announced they are moving on to new\xe2\x80\xa6 https://t.co/iXXaRF7Kil'|50.80413446|-0.8220752
b'Follow :- @laughter_turn for more \xf0\x9f\x87\xae\xf0\x9f\x87\xb3\ninstagram\nfacebook \n#coronavirus #justice #friend #friends #fun #funny #smile\xe2\x80\xa6 https://t.co/lLbwlmTGbA'|21.0|77.0
b'New Single \xe2\x80\x9cBetter Tomorrow\xe2\x80\x9d Available Everywhere. Click the link and start Streaming Now! \n\n"Better Tomorrow" is a\xe2\x80\xa6 https://t.co/CsLlX9KZ46'|51.1108|17.0375
b'Maluma Asks Fans to Get COVID Test, Isolate to Attend VMA Performance https://t.co/PzDvfoE5EO (v\xc3\xada TMZ)'|33.9998627|-118.79923186
b'Nena\xe2\x80\x99s Organics will be at the @GrandCentralMkt with products that remove mucus &amp; aid in combatting COVID-19: \n\xe2\x80\xa2Sea\xe2\x80\xa6 https://t.co/6Vr1IyatWb'|34.05079991|-118.24893683
b'COVID-19 just changed our way of life \xf0\x9f\xa4\x94\xf0\x9f\xa4\x94\n#StaySafe #WearaMask @ Mpumalanga https://t.co/C4Iw2ktm65'|-26.0|30.0
b'Last year we were shooting in turkey a Turkish and German comedy movie and it\xe2\x80\x99s supposed to be in the theaters now\xe2\x80\xa6 https://t.co/cmjpRUIueX'|39.07059|26.88811
b"Day Fifty One\n\nI would classify today as being COVID-fan-crappy-tastic. A day that can't seem to make up it's mind\xe2\x80\xa6 https://t.co/Uzg1m9uGp8"|-37.77698141|144.91369465
b'#maskedgirl #maskedup  to fight evil call #coronavirus #covid19 \n\n#lovelife\xe2\x9d\xa4\xef\xb8\x8f #stayhome #staysafe @ Jaypee Wish Tow\xe2\x80\xa6 https://t.co/I8ghLqWdJT'|28.52636503|77.36557264
b'Anyone can contract COVID-19 regardless of race, gender, age, or other personal qualities.\n\n#SafeCity #HealthyCity\xe2\x80\xa6 https://t.co/qXTLXD9KeI'|14.5127|121.0562
b'First full Food Safety Audit since February for a client I\xe2\x80\x99ve been working with for over 2 years - good to be back\xe2\x80\xa6 https://t.co/ks4r2k0CEt'|51.81263|0.14728
b"Fighting Stigma: Proportion infected with Covid 'higher than previously thought', study: Socialising before and aft\xe2\x80\xa6 https://t.co/Blqcxjz91D"|45.75975883|-73.56725453
b'Fighting Stigma : Outbreak of coronavirus in one of our schools is inevitable, says health minister: A Covid-19 out\xe2\x80\xa6 https://t.co/gwAHTmxHLA'|45.6677507|-73.47935661
b'Fighting Stigma: 17 confirmed cases of Covid-19 in hospitals: The Chair of the National Public Health Emergency Tea\xe2\x80\xa6 https://t.co/XLuxhHrXYX'|45.75975883|-73.56725453
b'APPUK \xe2\x80\x94 Why smoking cessation is a vital tool to fight COVID-19 inequality: In the UK, people with mental health co\xe2\x80\xa6 https://t.co/g55LWqEU7I'|51.55141874|-0.14367274
b"Hi everyone! Just checking in.\nHave been quiet recently as we've both been sick. (We managed to somehow catch covid\xe2\x80\xa6 https://t.co/bmrmZ7CCma"|-34.02057844|18.45361335
b'How Covid-19 Impacts Student Achievement and #StudentMentalHealth \n\nhttps://t.co/RwMkn8dJSi via @edthena\n#education'|51.5033|0.1195
b'How will COVID-19 Impact how we manage our volunteers? Lori Gotlieb is an award winning Volunteer Consultant, Write\xe2\x80\xa6 https://t.co/NI0PyujerS'|51.5033|0.1195
b'UTC -7 | ZH \xe2\x80\x94   WHO warns people under 50 driving virus spread in Asia-Pacific: Many have mild or no COVID-19 sympt\xe2\x80\xa6 https://t.co/V0mu46AGuK'|49.22826439|-123.04986139
b'We had the best beach day yesterday \xe2\x98\x80\xef\xb8\x8f\xf0\x9f\x8f\x96\xe2\x9d\xa4\xef\xb8\x8f #Seaside #Beach #Love #Family #Blessed #Summer #Summer2020 #Pandemic\xe2\x80\xa6 https://t.co/SYqAxpiO6i'|53.53507968|0.00758398
b'Covid-19: FG says Nigeria to bar flights from countries that block Nigerians\n\nRahaman Abiola\n58 minutes ago\n\n- Nige\xe2\x80\xa6 https://t.co/msuher31wJ'|51.5141|-0.1094
b'When I was young back during COVID-19!!\xf0\x9f\x91\x85 @ Long Beach, California https://t.co/OJn80zNejz'|33.7692|-118.1938
b'COVID-19 breach might prompt Irish agriculture minister to resign https://t.co/PyDuxdo8ME'|51.50538967|-0.12485951
b'Time to fill the gallery with all your creations. Impossible to do the "Art Box Sale" with Covid-19 situation, so s\xe2\x80\xa6 https://t.co/LQJOndFzyq'|53.55093758|-1.47829938
b'Today is Friday, August 21, 2020.\n\nMy body temperature for today is in the normal range = no faver = no Coronavirus\xe2\x80\xa6 https://t.co/s3UeeSvnLm'|43.77141027|-79.50354109
b'Covid-19 testing site in #Honolulu on Punahou St Both NB/SB near I-H1 #AlohaTraffic https://t.co/fkGd4slCvB'|21.30076|-157.8341
b'Covid-19 testing site in #Honolulu on King St Both NB/SB near Ward Ave #AlohaTraffic https://t.co/fkGd4slCvB'|21.30201|-157.8502
b'Garlic Compound Investigated for Preventing COVID https://t.co/VUALGgHX1H https://t.co/M9ghsKSbBP'|37.00748787|-121.5705372
b'dawsomlc you\xe2\x80\x99ve got the Covid elbow and the full-body halo DOWN! Awesome chance meeting in heavenly Hedo x \xf0\x9f\x98\x8e\xf0\x9f\x98\x82\xe2\x80\xa6 https://t.co/fNggrKyjaz'|-20.31346|118.57727
b'T G I F ... #flexfriday\n\nNot too bad for a lightweight ...\nCovid jou moer !!!\n\n#backposes #backdoublebicep\xe2\x80\xa6 https://t.co/1TKAW8pFRN'|-29.09578206|26.19513066
b'Please follow all guidelines on Covid-19.\n\nMost importantly, wash your hands regularly, wear face covering when ask\xe2\x80\xa6 https://t.co/PkN0uivLNR'|53.56849788|-6.90796636
b'Do you want to start your own business in this COVID-19 crisis. Get a website from us at the most affordable price\xe2\x80\xa6 https://t.co/DxezdxYENM'|22.4822903|88.3849869
b'#Germany\xe2\x80\x99s confirmed coronavirus cases go up by 1,427 https://t.co/UXPRNyRIxG'|51.50538967|-0.12485951
b'Findings from the NCERT Survey to measure the disruption caused by Covid-19 to school education.\n\n#NCERT #Survey\xe2\x80\xa6 https://t.co/AcTIcKGgUB'|12.92577167|80.11302888
b'Fighting Stigma : How helping others is helping us power through the pandemic: It also brings children together in\xe2\x80\xa6 https://t.co/FpsqY4BVlv'|45.6677507|-73.47935661
b"First time traveling since Covid, yikes!!  But airport is empty, can't wait to get to Tulum:-) (@ Richmond Internat\xe2\x80\xa6 https://t.co/Ip0fsbFgBG"|37.50824747|-77.33157594
b'Graduation even in the midst of covid.\nRed velvet and chocolate cake. @ Lagos, Nigeria https://t.co/1hSH2q7cKd'|6.45306|3.39583
b'Why smoking cessation is a vital tool to fight COVID-19 inequality: In the UK, people with mental health conditions\xe2\x80\xa6 https://t.co/Mk5nUzFQ8k'|51.50413561|-0.13608912
b'The one where I gripe about deliveries not being delivered.\n.\n.\n#morningcommute #happyfriday #dpd #deliverywoes\xe2\x80\xa6 https://t.co/FS9w4HgdPF'|51.49594393|-0.13355317
b'Sick but confirmed not covid. @ Brisbane, Queensland, Australia https://t.co/SgDuNL3cqY'|-27.4699|153.0284
b'"The government is banning\xc2\xa0junk food advertising\xc2\xa0on TV and online\xc2\xa0prior to\xc2\xa0the 9pm\xc2\xa0watershed\xc2\xa0as part of a \xc2\xa310m camp\xe2\x80\xa6 https://t.co/XAnBcByf7D'|51.5141|-0.1094
b"It's Been Essential having an Extra Source of Income in our Day today Life. \n.\nThen how is a 9-5 Job can Secure /Ac\xe2\x80\xa6 https://t.co/JZcU7yr3Zb"|9.9328|76.2619
b'Do you want to start your own business in this COVID-19 crisis. Get a website from us at the most affordable price\xe2\x80\xa6 https://t.co/IEIWMC6BF9'|21.0|77.0
b'#aljazeera Indias #Coronavirus cases approach three million: Live news https://t.co/Dx8AazUZbV'|52.232222|21.008333
b'#CoronaVirusUk / #CoronaUk / #CoronaVirus ,Cheer Up Pictures :)\n\n#DayInTheLife Of Me @Scott1984FP &amp; benji_jake_\xe2\x80\xa6 https://t.co/D5dgzI6RBq'|52.13921|-0.46369
b'#CoronaVirusUk / #CoronaUk / #CoronaVirus ,Cheer Up Pictures :)\n\n#DayInTheLife Of Me @Scott1984FP &amp; benji_jake_\xe2\x80\xa6 https://t.co/ttMBZV3c49'|52.13921|-0.46369
b'#Watchsales return to pre-Covid levels, but only outside London https://t.co/7ooKZNXKW2'|51.525004|-0.0972655
b'COVID-19 Awareness campaign by Acharya Yoga Youth Club(R)\n#covid19 #CoronaKeKaramveer #youth4india\xe2\x80\xa6 https://t.co/4Xk7VRfyrV'|12.971117|77.597645
b'\xe0\xb9\x80\xe0\xb8\x82\xe0\xb9\x89\xe0\xb8\xb2\xe0\xb8\x84\xe0\xb8\xa3\xe0\xb8\xb1\xe0\xb8\xa7\xe0\xb8\x84\xe0\xb8\xa5\xe0\xb8\xb2\xe0\xb8\xa2\xe0\xb9\x80\xe0\xb8\xab\xe0\xb8\x87\xe0\xb8\xb2 \xf0\x9f\x98\x8a \xe0\xb8\x82\xe0\xb9\x89\xe0\xb8\xb2\xe0\xb8\xa7\xe0\xb8\x9c\xe0\xb8\xb1\xe0\xb8\x94 \xe0\xb8\x81\xe0\xb8\xb4\xe0\xb8\xa1\xe0\xb8\x88\xe0\xb8\xb4 \xf0\x9f\xa5\x98 Kimchi fried rice by me \xf0\x9f\x91\x8d\xf0\x9f\x98\x8a Staying at home is always better than going out now c\xe2\x80\xa6 https://t.co/LCUwt9ZHuX'|13.7522|100.494
b'Fighting Stigma: No increase in COVID-19 cases located in Clare: There are currently 18 confirmed cases in hospital\xe2\x80\xa6 https://t.co/psKRxCSiCQ'|45.75975883|-73.56725453
b"Fighting Stigma: Coronavirus: Kildare should remain in lockdown, says NPHET: The State's health experts handling th\xe2\x80\xa6 https://t.co/4eHaPjc0O3"|45.75975883|-73.56725453
b'When you live in a country that is actually FOR its people and you can purchase your health needs right off the she\xe2\x80\xa6 https://t.co/Dzi2XuZS5V'|43.2538|-70.8755
b'Posted withregram \xe2\x80\xa2 @hikenationgroup LET\'S HIKE _"under cover..."_ \xf0\x9f\x98\x8e\n\nSame limited slots, same COVID-19 protocols,\xe2\x80\xa6 https://t.co/3T1aermOKZ'|9.0667|7.4833
b'TGIF, FTL! \xf0\x9f\x8c\xb4\n\n#goodmorning #fortlauderdale #morning #coffee #southflorida #florida #august #summer #beach #sun\xe2\x80\xa6 https://t.co/yP01L3uuhB'|26.1437998|-80.1293917
b'Every shoot these days is an adventure due to different Covid protocol. Here we set up our gear left the location t\xe2\x80\xa6 https://t.co/nF491fTnw7'|40.65|-73.95
b'Gallatin County sees new coronavirus cases associated with Montana State https://t.co/DgwE1dzjex'|45.67070719|-111.07427917
b'Our custom projection service can be used for all sorts of applications! Even Covid! #projectionsafe\xe2\x80\xa6 https://t.co/GwJtvULJlt'|57.6993475|-4.1671496
b'Stock of the Week: GlaxoSmithKline: Glaxo, together with Sanofi (SAN), is developing a potential vaccine for Covid-\xe2\x80\xa6 https://t.co/jYogzZLCGX'|51.50413561|-0.13608912
b"Government go ahead? Check. Half decent mental health? Cheeeecccck. Venue covid secure....? Check. THEN LET'S GO! T\xe2\x80\xa6 https://t.co/R480BxhGnQ"|51.47632|-0.12736
b'HR TURNS 6!! Yes we are gearing up for our 6th Year Anniversary! Wow! This year due to COVID our celebration is goi\xe2\x80\xa6 https://t.co/k0beLGXct0'|31.8109496|-94.1959818
b'Education and skills in the 4IR, particularly in the COVID pandemic: Paul Grainger chats with Dr Heidi Alaskary, Le\xe2\x80\xa6 https://t.co/QJrbL2tRrJ'|50.7422792|-3.4650339
b'Fun Friday Travel Fact...\n\nI have traveled to 4 of 7 continents and Asia is still very much on my mind! \n\nWe were t\xe2\x80\xa6 https://t.co/PHmPGMm7P5'|35.68|139.77
b'\xf0\x9f\x9a\xa8CORONAVIRUS UPDATE - 21 August \n.\n.\n.\n#qatar #doha #iamqatar #iamqatarupdates #coronavirus #coronavirusupdates\xe2\x80\xa6 https://t.co/VBD2AJ7Ojt'|25.28238257|51.54230529
b'I threw away my old life before a COVID situation. I had already been quarantined and social distancing. Quarantine\xe2\x80\xa6 https://t.co/fcK4ik1S3j'|41.83810318|-87.6173469
b'How Dairy Monopolies Keep Milk Off the Shelves\nhttps://t.co/FunapbjZGr'|42.6142791|-73.8517404
b'For seven more days, the exhibition "Linling Lu" is on view @ahemphill. The exhibition opened on April 4 without op\xe2\x80\xa6 https://t.co/WnwUNiqxvj'|38.9023411|-77.01729298
b'Health and happiness are like body and soul. When you keep the body fit, your soul automatically receives it. So, b\xe2\x80\xa6 https://t.co/Xaf0PBDcSN'|27.5|77.6833
b"#covid19\nCOVID 19 is still much here. Do you believe it's real or you believe it's all a lie? Are you obeying the r\xe2\x80\xa6 https://t.co/LIBzrjwL6J"|6.5340149|3.3564228
b'In the middle of the #Coronavirus crisis, it\xe2\x80\x99s a matter of urgency that @Amazon, @Deliveroo and others finally allo\xe2\x80\xa6 https://t.co/73E1xwtpqm'|53.78710732|-1.25382883
b'My mask \xf0\x9f\x98\xb7 if it gets serious #miamilife #jupiter #pembrokepines #miamirealestate #coralsprings #follow #kendall\xe2\x80\xa6 https://t.co/jisqhGb3sz'|36.46517818|4.96450465
b"It's Been Essential having an Extra Source of Income in our Day today Life. \n.\nThen how is a 9-5 Job can Secure /Ac\xe2\x80\xa6 https://t.co/r6QMHISFik"|9.9328|76.2619
b'Get tested! Have you heard about the types of COVID-19 testing options we are currently offering? \n\n\xe2\x9c\x94\xef\xb8\x8f Our NEW vira\xe2\x80\xa6 https://t.co/ysqqw34BMB'|25.8138|-80.1335
b'Fighting Stigma: Outbreak of coronavirus in one of our schools is inevitable, says health minister: A Covid-19 outb\xe2\x80\xa6 https://t.co/jmdgkrg0lT'|45.75975883|-73.56725453
b'Fighting Stigma: Coronavirus: Four deaths linked to virus in NI last week: Four coronavirus-linked deaths were regi\xe2\x80\xa6 https://t.co/2Qc9RvFUm1'|45.75975883|-73.56725453
b'Happy Friday! Morning walk with lilly_angela along Innsbrook office complex in RVA... COVID has created a ghost tow\xe2\x80\xa6 https://t.co/AXkI5Un4mF'|37.5373|-77.4371
b"$1000 to $2000 for Covid 19 vaccine trial participants... They're hoping to get minorities... Details at\xe2\x80\xa6 https://t.co/P0h67UkZKV"|30.16964|-95.49667
b'Public presentation of @steloolive\xe2\x80\x99s \xe2\x80\x9cNiKANiKA robotics\xe2\x80\x9d sound installation. Even with COVID-19 scare many artists\xe2\x80\xa6 https://t.co/5gxhR4syeB'|5.55962838|-0.15834606
b'Covid-19 News: Live Updates: N.C. State will shift instruction online, and other universities cautioned young peopl\xe2\x80\xa6 https://t.co/jtlrGdstcz'|40.7332086|-74.00187056
b"How long since you've been on a real 4WD adventure? \n\nWho could you trust to show you the way? \n\nAt Sound Garage, w\xe2\x80\xa6 https://t.co/sOrWuSVWct"|-27.22023124|152.99923182
b"We're hiring! Read about our latest job opening here: Member Relationship Officer R58 (English/Spanish) Required \xe2\x80\x93\xe2\x80\xa6 https://t.co/g2z2ZBXNJ7"|29.1617868|-82.1741535
b'My picture from yesterday. I\xe2\x80\x99m going out raw today no mask \xf0\x9f\x98\xb7 I will train for CrossFit as well #coronavirus #covid\xe2\x80\xa6 https://t.co/EgYTU6WqR3'|35.70241039|139.73982002
b'Celebrating a beautiful wedding today for a bride who had to reschedule her May wedding due to Covid. They hosted a\xe2\x80\xa6 https://t.co/KVpQ5XeyLg'|33.78818268|-84.37612385
b'Bookfairies all over Cornwall have been busy reading whilst Covid is still around. Here\xe2\x80\x99s a few Fairies with their\xe2\x80\xa6 https://t.co/HCEjFdvbiy'|50.3|-4.9
b'Let\xe2\x80\x99s get rid of that covid body! Together \xf0\x9f\x92\xaa\xf0\x9f\x8f\xbe @ Ashburn, Virginia https://t.co/AsDH778GuM'|39.044|-77.4874
b'My compact Covid Gym @ New York, New York https://t.co/KPZc2exLnZ'|40.7142|-74.0064
b'My compact Covid Gym @ New York, New York https://t.co/KPZc2eg9Zp'|40.7142|-74.0064
b'We\xe2\x80\x99ll be back. I know OFF HER ROCKER hasn\xe2\x80\x99t posted anything new in a while. Due to Covid-19 all of our scheduled co\xe2\x80\xa6 https://t.co/XEMu0vrHLO'|44.59046718|-116.71875
b'You gained Covid weight\xe2\x9d\x93You didn\xe2\x80\x99t reach your summer goal\xe2\x9d\x93You have no events to keep you motivated\xe2\x9d\x93None of these ma\xe2\x80\xa6 https://t.co/ASs7ojFDKl'|45.52349|-73.85114
b'Even as COVID-19 seeps in, Kenyan all-female conservation ranger unit continues patrolling https://t.co/YgKXXNIEsD'|51.50538967|-0.12485951
b'Punjab Launches Smart Swab Sampling Campaign to Detect New Coronavirus Cases.\n#Punjab #smart_swab #smart\xe2\x80\xa6 https://t.co/pYgXSbH31U'|31.5497|74.3436
b'\xe2\x9c\x88\xef\xb8\x8f\xf0\x9f\xa5\xb0#ThankYou to my #UnitedAirlines crew today for honoring covid pandemic #FirstResponders to include #Healthcare w\xe2\x80\xa6 https://t.co/aYWZAzX5dX'|29.9847642|-95.33395737
b'#FridayFeeling. In  case you missed or if you would like to review tune into tonight\xe2\x80\x99s Word entitled, \xe2\x80\x9cWhat to Do W\xe2\x80\xa6 https://t.co/ZEZjn8snf5'|40.0|-100.0
b"It's no secret that 2020 hasn't turned out the way I wanted it to. Covid's impacted us all in some way, whether it'\xe2\x80\xa6 https://t.co/iCAGVBcLms"|53.4078|-2.9794
b'Here we are. Still taking care of ourselves! Reducing our COVID-19 numbers daily. Following the safe distancing rul\xe2\x80\xa6 https://t.co/g1QBy6BGke'|43.648|-79.3872
b'Platonic Love is back in fashion - thanks to Corona Virus and COVID Pandemic\n\n#covi\xcc\x87d19 #coronavirus #love\xe2\x80\xa6 https://t.co/0Z1QCGdAMW'|18.5203|73.8567
b'Then Inn is Open!  Check our website for availability and for our Covid-19 policies!  Houses still have late summer\xe2\x80\xa6 https://t.co/YG7Mvf9wTm'|41.81971299|-86.69338501
b'So far so good. To date my localities of Positano and Praiano have not had a single case of Covid-19 despite the ma\xe2\x80\xa6 https://t.co/uF0dJqzxlj'|40.65|14.6333
b"I'm PRETTY sure this isn't legal for anyone who isn't active flight crew\xe2\x80\xa6\n\nIn partnership with the Mayo Clinic &amp; Qu\xe2\x80\xa6 https://t.co/L9htjNcMOI"|38.93950776|-77.02531389
b'Will apprenticeships still be available during and after the pandemic?: COVID-19: The Impact on Apprenticeships\xc2\xa0 It\xe2\x80\xa6 https://t.co/nfXVO6F8bi'|50.7422779|-3.4664453
b"I'm feeling good, guys... a long read but I'm going to open up to you guys again.\n\nMy year started off pretty rough\xe2\x80\xa6 https://t.co/0m88uQBhkt"|-51.50509|-70.3609
b'Remember to practice everyday #foodsafety during COVID-19. After grocery shopping, refrigerate or freeze foods that\xe2\x80\xa6 https://t.co/HUVbIaZtyX'|33.5443|-84.2353
b'Talking about and establishing boundaries is always an important part of living with others. And now that COVID has\xe2\x80\xa6 https://t.co/uisHTdxmNd'|36.133249|-80.276744
b'#Covid relief I just love this. @ Bujumbura, Burundi https://t.co/oRVXtCQ0WZ'|-3.3833|29.3667
b"Fighting Stigma : Kings' Jerry Sexton stranded in Ireland: Irish lock Jerry Sexton is facing a race against time in\xe2\x80\xa6 https://t.co/otcYhdi6yY"|45.6677507|-73.47935661
b'Fighting Stigma: Coronavirus live news: concern over cases at Berlin schools; Spain health chief warns over ...: Be\xe2\x80\xa6 https://t.co/eSDAw5DHqQ'|45.75975883|-73.56725453
b"Fighting Stigma: Irish minister quits for 'damaging national effort' on COVID-19: Ireland's police said it was inve\xe2\x80\xa6 https://t.co/Dg9V7miNLc"|45.75975883|-73.56725453
b'HAPPY FRIDAY......most of you know we have ducks (COVID-19 duck choices) and I continue to tell them they have to b\xe2\x80\xa6 https://t.co/iujc9eJHbT'|41.5792|-81.2044
b'Timely message, especially for me. Since middle March it\xe2\x80\x99s been quarantine and few physical interaction with family\xe2\x80\xa6 https://t.co/dwv8Qm5Mh2'|30.3894|-95.6981
b'Covid-19 Pounds New York Real Estate Worse Than 9/11, Financial Crash https://t.co/SC7Qk921Gf'|26.65974997|-80.26166094
b'Missing my favorite weekend in Indy! Guessing the days of hugging random sweaty strangers &amp; licking the Borg-Warner\xe2\x80\xa6 https://t.co/FcVU6mWJxE'|39.7957663|-86.23559475
b"The World Health Organization (WHO) and the united nations children's agency have urged African governments to prom\xe2\x80\xa6 https://t.co/vaCFFIQpyt"|6.45306|3.39583
b'Unfortunately, due to Covid-19, the festivals we setup at are all cancelled. But on a positive note, we have got to\xe2\x80\xa6 https://t.co/zYf9W0np9h'|35.7889|-94.7678
b'Reminiscing about our last girls trip (pre-Covid) and thinking we need another one ASAP \xf0\x9f\x92\x9c @ New Orleans, Louisiana https://t.co/v3ZHqGbMnk'|29.948479|-90.070864
b'Fluffy Naan with butter and garlic was enjoyed last week! What have you enjoyed the most in the last week?\xe2\x80\xa6 https://t.co/zzYzXHQFhy'|19.0627|72.8764
b'Only 44% SMEs planning to recruit an apprentice before May 2021: @IFATechEd Employer survey provides snapshot of CO\xe2\x80\xa6 https://t.co/MgvmuJKwjW'|50.7422779|-3.4664453
b'Frustration Friday\n\n#frustration #love #life #art #anger #frustrated #anxiety #memes #covid #instagram #tiktok #bnw\xe2\x80\xa6 https://t.co/gvdcLeH3ti'|35.1426|-90.0524
b"It's Friday folks and time to let loose!  \n\nHealth care will be the most rapidly growing employment sector through\xe2\x80\xa6 https://t.co/5uKp5nQHON"|39.4005|-76.6023
b'#TelAviv comes up with #floatingcinema for safe movie viewing during coronavirus time https://t.co/lhPAi9DE15'|51.50538967|-0.12485951
b'COVID-19 Guidance For Indoor &amp; Outdoor Events: TORONTO: The following guidance is intended to help organizers and p\xe2\x80\xa6 https://t.co/UhMysrxns9'|43.7742911|-79.7164011
b'Drop that new Fire from @dyamonddoll24 #DWade definitely gone get y\xe2\x80\x99all familiar!!! It\xe2\x80\x99s crazy because due to Covid\xe2\x80\xa6 https://t.co/ibdRLwGuEx'|37.47311512|-77.48269941
b'Public Announcement.\n\nJust because we are in lockdown does not mean we are totally safe. Even if you think you know\xe2\x80\xa6 https://t.co/uJYyhChGhu'|27.68565948|85.32577872
b'Trying new things is fun. Last night I escaped from everything for an hour. @HannahJoyRobert and I finally did our\xe2\x80\xa6 https://t.co/Qg79k5KsO9'|35.2420213|-120.6387047
b'who #opened i dunno but found: #onestopnepal #complete #quality #IT #solutions #blue #skies #clear #weather\xe2\x80\xa6 https://t.co/YCrO4OPziX'|27.66249509|85.34068447
b'School spirit in the COVID era! #goom @ Oak Mountain High School https://t.co/jXVHdaFnMd'|33.36660858|-86.73489131
b'Be aware hospitality at its best \xf0\x9f\x91\x8c. \n#hospitality #hotel #travel #hotels #restaurant #interiordesign\xe2\x80\xa6 https://t.co/tWOFuIxNQ6'|39.62|19.9197
b'#waitingsecondwave #day26 (56th #newnormal ) \nOne of those times we spacetimecontinuum this time at the Parc Jean D\xe2\x80\xa6 https://t.co/JTbb2chIoc'|45.50397382|-73.52907744
b"Just incase you forget \n.\nI'm still out there: CORONA VIRUS, COVID 19\n.\nI am not your friend, do the needful \xf0\x9f\x93\xa3\xf0\x9f\x93\xa3\xf0\x9f\x93\xa3\n.\xe2\x80\xa6 https://t.co/O9k41iPxjw"|6.45306|3.39583
b'COVID-19 has changed us a lot. It has also changed the way I used to go for a short ride.\nNo Tea Break, No Breakfas\xe2\x80\xa6 https://t.co/rPKs3tn6t0'|18.50049|73.82233
b'Stopping the spread of Covid-19 is what businesses need. Help your local businesses stay open by following rules an\xe2\x80\xa6 https://t.co/OSJJoCYu6v'|45.4167|-75.7
b'Researchers show children are silent spreaders of #COVID-19 #Coronavirus. Infected children were shown to have a si\xe2\x80\xa6 https://t.co/y84Y4JL38f'|38.93971768|-77.02618611
b'Outcome of how COVID 19 circuit breaker has benefited me. Finally I\xe2\x80\x99m proud to be part of the animalflowofficial fa\xe2\x80\xa6 https://t.co/F36eLzXPoV'|1.38532|103.9446
b'Fighting Stigma: Coronavirus Northern Ireland updates Friday August 21: But SDLP health spokesman Colin McGrath, wh\xe2\x80\xa6 https://t.co/lqNyw2rdJf'|45.75975883|-73.56725453
b'Fighting Stigma: Rise in number of people who have died with coronavirus in Northern Ireland: Health minister Robin\xe2\x80\xa6 https://t.co/FlwJKjkJCi'|45.75975883|-73.56725453
b'#KEEP PROTECTED YOUR ALL SURFACE AREA AT HOME &amp; COMMERCIAL PLACES IN COVID-19 WITH #HYVEST ULTRA PROTEK 99.9%KILLS\xe2\x80\xa6 https://t.co/bZuTBpeRFI'|30.3793|76.7782
b'Savanna... what do u miss since this mess of COVID?  Let me show u T-Bone... \xe2\x9c\x82\xef\xb8\x8fand Disneyland \xf0\x9f\x8d\xad....Savanna my \xf0\x9f\x92\x98 mee\xe2\x80\xa6 https://t.co/d5YswoqUMj'|33.81866571|-118.06983603
b"Hey Sup ma pipo? Fvck #coronavirus , I'm sick and tired of this sh*t.... Let's get the shows started... I've missed\xe2\x80\xa6 https://t.co/uOJsqhjgAb"|6.6128|3.576
b'Has the COVID-19 outbreak left you out of work? Food production is an essential industry and we are still hiring in\xe2\x80\xa6 https://t.co/mG7c698uzV'|41.0342618|-93.766759
b'Scan code check out our amazon store #tviartist onstagetv @IRIE_FM #jamaica #caribbean #reggaemusic #dancehallmusic\xe2\x80\xa6 https://t.co/XpKfRYLh6c'|40.7142|-74.0064
b'\xf0\x9f\x91\x8b We have a few dates left in August &amp; September.\n- Weekend of August 29th\n- Week of September 13th\nBook your trip\xe2\x80\xa6 https://t.co/A3nEPg5ZhO'|39.595279|-106.0188537
b'Wildfires raging over California. Lucky to be safe here in Oakland, except for nasty air quality\xe2\x80\x94blech! And there\xe2\x80\x99s\xe2\x80\xa6 https://t.co/rJKfK2HAhC'|37.8029|-122.2721
b'If you ever wanted to know what staring your enemy in the face and smiling looked like \xf0\x9f\xa4\xa3!!!  Up from last month, an\xe2\x80\xa6 https://t.co/iLJOy6UYRA'|29.55715293|-95.39274337
b'shot a music video on super 8 for \xe2\x80\x98Weird Winter\xe2\x80\x99, the latest single by @bloodyyourhands! thanks to @bradakinnan and\xe2\x80\xa6 https://t.co/rGqkR8GBtD'|34.0564|-118.2445
b'#waitingsecondwave #day26 (56th #newnormal ) \nOne of those times we spacetimecontinuum this time at the Parc Jean D\xe2\x80\xa6 https://t.co/7mG5aEG3FS'|45.50397382|-73.52907744
b'#covid19 #coviddiaries #covid #young @ Italy https://t.co/q08FsD9Mcb'|43.0|12.0
b'Russian Vaccination Against Covid 19 @ RUBASLIST https://t.co/MJZInpYRVe'|33.89013559|35.48756261
b'Lounge access during Covid=priceless:). Free omelette, oatmeal, fruit, and I get to avoid the crowds and have my ow\xe2\x80\xa6 https://t.co/gGPj0UatiY'|25.79730117|-80.28070978
b"Buttigieg hails Biden's record on gay rights: Follow us. Coronavirus \xc2\xb7 UK \xc2\xb7 Yahoo Originals \xc2\xb7 TV + Celebrity \xc2\xb7 Quiz\xe2\x80\xa6 https://t.co/GEtHIW7dby"|51.50413561|-0.13608912
b'Friday morning news briefing: Covid hospital admissions inflated at height of pandemic https://t.co/QbwmJ6L9w0 https://t.co/ptQRn4Sh8l'|51.50013926|-0.12450144
b"I can't stand covid with my mother \xf0\x9f\x98\xb7\xf0\x9f\xa7\xa1 la Metrou M4 Parc Bazilescu https://t.co/jwleiNEzrn"|44.4868981|26.0372989
b'Fuck lockdown and coronavirus #bonezdogboutique (@ BONEZ in King of Prussia, PA) https://t.co/bMkIooYYqD https://t.co/dDXgQxNI8k'|40.089622|-75.385571
b"Hey Hampton Roads! We know how hard it is to be single in the time of Covid-19. Thats why we're  launching a new se\xe2\x80\xa6 https://t.co/Kd05L2WwzJ"|36.8345|-76.0872
b'Women Impacting Nigeria is glad to be selected to be a part of the LAGOS CIVIL SOCIETY AGAINST COVID-19. \n\nWe comme\xe2\x80\xa6 https://t.co/hN0zwq3laR'|6.450822|3.410743
b'#waitingsecondwave #day26 (56th #newnormal ) \nOne of those times we spacetimecontinuum this time at the Parc Jean D\xe2\x80\xa6 https://t.co/NCDZQpagXZ'|45.50397382|-73.52907744
b'Two Mets test positive for coronavirus as games vs. Marlins, Yankees postponed\n\nhttps://t.co/iDXFDPgP5T\n\n#mlb\xe2\x80\xa6 https://t.co/8U2hwlDEOF'|40.75679555|-73.84625137
b'https://t.co/kCMzWBGbGK   The White Rock Beach Gallery is NOW OPEN with a COVID-19 PLAN. Ric Wallace has the LARGES\xe2\x80\xa6 https://t.co/C4AmHyK13E'|49.02392|-122.79679
b'https://t.co/kCMzWBGbGK   The White Rock Beach Gallery is NOW OPEN with a COVID-19 PLAN. Ric Wallace has the LARGES\xe2\x80\xa6 https://t.co/NmRZbdZmKT'|49.01856632|-122.80571222
b'https://t.co/kCMzWBGbGK   The White Rock Beach Gallery is NOW OPEN with a COVID-19 PLAN. Ric Wallace has the LARGES\xe2\x80\xa6 https://t.co/XzG4NYh6xv'|49.02392|-122.79679
b'https://t.co/kCMzWBGbGK   The White Rock Beach Gallery is NOW OPEN with a COVID-19 PLAN. Ric Wallace has the LARGES\xe2\x80\xa6 https://t.co/Ytmj8fdotu'|49.0216847|-122.8074233
b'COVID-19 #Rrate shows growing epidemic in #UK https://t.co/rVvA2mQ3NQ'|51.50538967|-0.12485951
b'https://t.co/kCMzWBGbGK   The White Rock Beach Gallery is NOW OPEN with a COVID-19 PLAN. Ric Wallace has the LARGES\xe2\x80\xa6 https://t.co/VctR1WztOF'|49.02392|-122.79679
b'https://t.co/kCMzWBGbGK   The White Rock Beach Gallery is NOW OPEN with a COVID-19 PLAN. Ric Wallace has the LARGES\xe2\x80\xa6 https://t.co/7TEbYKX62Q'|49.02392|-122.79679
b'https://t.co/kCMzWBXMyi   The White Rock Beach Gallery is NOW OPEN with a COVID-19 PLAN. Ric Wallace has the LARGES\xe2\x80\xa6 https://t.co/d0z5ewLH8q'|49.02392|-122.79679
b'https://t.co/kCMzWBGbGK   The White Rock Beach Gallery is NOW OPEN with a COVID-19 PLAN. Ric Wallace has the LARGES\xe2\x80\xa6 https://t.co/BrbBP6IY7A'|49.02392|-122.79679
b'https://t.co/kCMzWBGbGK   The White Rock Beach Gallery is NOW OPEN with a COVID-19 PLAN. Ric Wallace has the LARGES\xe2\x80\xa6 https://t.co/mx6z9uwI6f'|49.02392|-122.79679
b'https://t.co/kCMzWBGbGK   The White Rock Beach Gallery is NOW OPEN with a COVID-19 PLAN. Ric Wallace has the LARGES\xe2\x80\xa6 https://t.co/fF8RtZCxPo'|49.0216847|-122.8074233
b'Finally a holidaaaaaayy - Raf, crew and post Covid Italy \xe2\x9c\xa8 @ Lake Garda, Italy https://t.co/KH0SEjUmeF'|45.76447296|10.80799679
b'https://t.co/kCMzWBGbGK   The White Rock Beach Gallery is NOW OPEN with a COVID-19 PLAN. Ric Wallace has the LARGES\xe2\x80\xa6 https://t.co/B8EUa0pbWQ'|49.01856632|-122.80571222
b'\xf0\x9f\xa6\x97Ticks and Lice\xf0\x9f\x98\xb3\nJust a friendly reminder that as kids return to school, that so will the bugs. \nCovid has been on\xe2\x80\xa6 https://t.co/3YV8dHMzll'|42.88789|-82.45173
b'https://t.co/kCMzWBGbGK   The White Rock Beach Gallery is NOW OPEN with a COVID-19 PLAN. Ric Wallace has the LARGES\xe2\x80\xa6 https://t.co/LafOhE1kdp'|49.01856632|-122.80571222
b'https://t.co/kCMzWBGbGK   The White Rock Beach Gallery is NOW OPEN with a COVID-19 PLAN. Ric Wallace has the LARGES\xe2\x80\xa6 https://t.co/ZWZLo8kycg'|49.02392|-122.79679
b'https://t.co/kCMzWBGbGK   The White Rock Beach Gallery is NOW OPEN with a COVID-19 PLAN. Ric Wallace has the LARGES\xe2\x80\xa6 https://t.co/khxQ3UxLNv'|49.02392|-122.79679
b'Getting a #CT #scan today #funTimes #COVID wellstarhealth #eastcobbhealthpark @ Wellstar East Cobb Health Park https://t.co/NPtFeAQzSw'|33.98053202|-84.44466472
b'https://t.co/kCMzWBGbGK   The White Rock Beach Gallery is NOW OPEN with a COVID-19 PLAN. Ric Wallace has the LARGES\xe2\x80\xa6 https://t.co/OAG52Uf7Bf'|49.02392|-122.79679
b'https://t.co/kCMzWBGbGK   The White Rock Beach Gallery is NOW OPEN with a COVID-19 PLAN. Ric Wallace has the LARGES\xe2\x80\xa6 https://t.co/gEecX9dMTe'|49.02392|-122.79679
b'Judging by the videos people are putting up about COVID, I think y\xe2\x80\x99all went here. @ Quogue, New York https://t.co/52XbPxjuLK'|40.8228|-72.6014
b'https://t.co/kCMzWBXMyi   The White Rock Beach Gallery is NOW OPEN with a COVID-19 PLAN. Ric Wallace has the LARGES\xe2\x80\xa6 https://t.co/QqYyr3H9WX'|49.01856632|-122.80571222
b'\xf0\x9f\x8c\x8d Environment News: Aquariums report wave of webcam visits amid Covid shutdown https://t.co/7KEiHOpy7s'|51.722063|0.770792
b'https://t.co/kCMzWBXMyi   The White Rock Beach Gallery is NOW OPEN with a COVID-19 PLAN. Ric Wallace has the LARGES\xe2\x80\xa6 https://t.co/EHU6C6Sxnc'|49.01856632|-122.80571222
b'https://t.co/kCMzWBXMyi   The White Rock Beach Gallery is NOW OPEN with a COVID-19 PLAN. Ric Wallace has the LARGES\xe2\x80\xa6 https://t.co/V45iE4k3dg'|49.02392|-122.79679
b'Follow :- @laughter_turn for more \xf0\x9f\x87\xae\xf0\x9f\x87\xb3\ninstagram\nfacebook \n#coronavirus\n#binod #binodmemes #rheachakraborty #rhea\xe2\x80\xa6 https://t.co/FR3zs7EkHC'|21.0|77.0
b'You know that phrase "when you buy from a small business an actual person does a little happy dance?" Well that can\xe2\x80\xa6 https://t.co/Hij21yR6N0'|34.4258|-119.714
b'https://t.co/kCMzWBGbGK   The White Rock Beach Gallery is NOW OPEN with a COVID-19 PLAN. Ric Wallace has the LARGES\xe2\x80\xa6 https://t.co/28PXSxqe9F'|49.02392|-122.79679
b'Some pathetic CoVID tomatoes @DukesMayonnaise and @whiteoakpasture Iberico bacon fittin\xe2\x80\x99 to be my dream BLT. Wish y\xe2\x80\xa6 https://t.co/oNJtxzqhx3'|34.3597|-89.5261
b'Congrats to Buya Turay on scoring his first goal for his new club, Hebei China Fortune! \xe2\x9a\xbd \xf0\x9f\x87\xa8\xf0\x9f\x87\xb3 Fans are still not all\xe2\x80\xa6 https://t.co/yiQaId6IKb'|35.0|103.0
b'Follow :- @laughter_turn for more \xf0\x9f\x87\xae\xf0\x9f\x87\xb3\ninstagram\nfacebook \n#coronavirus\n#binod #binodmemes #rheachakraborty #rhea\xe2\x80\xa6 https://t.co/4wuJDyywDg'|21.0|77.0
b'https://t.co/kCMzWBXMyi   The White Rock Beach Gallery is NOW OPEN with a COVID-19 PLAN. Ric Wallace has the LARGES\xe2\x80\xa6 https://t.co/gmbcCHntE5'|49.02392|-122.79679
b'\xf0\x9f\xa6\x93 ANIMAL KINGDOM  \xf0\x9f\xa6\x92 \nAlways brings our wild side!!!\nbabyluisbellamy \n@0nly_girl19 \n\xe2\x80\x94\xe2\x80\x94\xe2\x80\x94\xe2\x80\x94\xe2\x80\x94\xe2\x80\x94\xe2\x80\x94\xe2\x80\x94\xe2\x80\x94\xe2\x80\x94\xe2\x80\x94\xe2\x80\x94\xe2\x80\x94\xe2\x80\x94\xe2\x80\x94-\n\n#pandemic\xe2\x80\xa6 https://t.co/iRfCcp8GJq'|28.35180846|-81.48643255
b'Are you between 18-24?\n\nWant to earn money and gain job skills during COVID-19? \n\nJoin Face to Face\xe2\x80\x99s new Workforce\xe2\x80\xa6 https://t.co/oIKc4OKUBV'|44.97647658|-93.06626675
b'With the present situation of Covid-19, downsizing in the amount of guests attending does not mean that you cannot\xe2\x80\xa6 https://t.co/UNawvlIKbf'|18.35840843|-65.82958919
b'Fighting Stigma: Coronavirus Northern Ireland updates: No new deaths and 20 cases of Covid-19 reported: There have\xe2\x80\xa6 https://t.co/5oD7bY7QtY'|45.75975883|-73.56725453
b'Fighting Stigma: Coronavirus Ireland: Health expert says every adult can help kids return to school: And Prof Nolan\xe2\x80\xa6 https://t.co/YHFHz7jdrS'|45.75975883|-73.56725453
b'Ontario confirms 131 new COVID cases today https://t.co/So7XuCjTDm https://t.co/Z1ZnAU8t6F'|48.47593351|-81.32806152
b"Fighting Stigma: Irish county to remain under lockdown, business body told: DUBLIN \xe2\x80\x94 Ireland's public health offici\xe2\x80\xa6 https://t.co/flfyDLWVjE"|45.75975883|-73.56725453
b'Follow :- @laughter_turn for more \xf0\x9f\x87\xae\xf0\x9f\x87\xb3\ninstagram\nfacebook \n#coronavirus\n#binod #binodmemes #rheachakraborty #rhea\xe2\x80\xa6 https://t.co/9Vu1FEn70B'|21.0|77.0
b"A Quebec Teen Has Died Due To COVID-19 &amp; They're The Youngest Death So Far In The Province https://t.co/CcnTaUXeou #News #Canada #QuxE9bec"|45.49987026|-73.56300186
b'"Learn how to keep yourself physically active during the COVID-19 pandemic in a safe and healthy manner." Aug 25 |\xe2\x80\xa6 https://t.co/U469MM1pN5'|40.7207559|-74.0007613
b'New glam mask!\n\n#NewYorkTough #newyorkcity #newyorkstate #NYC \n#covid19 #coronavirus #pandemicshutdown\xe2\x80\xa6 https://t.co/WzyarA1M08'|40.848138|-73.935756
b'Tourist-free zone. \xf0\x9f\x98\xb3 #wallstreet #bull #broadway #bowlinggreen #notourists #covid #coronavirus #lowermanhattan\xe2\x80\xa6 https://t.co/mSZBO2GQNw'|40.705576|-74.013421
b'wishing we had better news for you, but safety first !! \xe2\x9d\xa4\xef\xb8\x8fCommunity COVID Update Pt. 2\n_____________\npost reads: We\xe2\x80\xa6 https://t.co/Y7O3oEdJNW'|44.63783|-63.59514
b'Two Mets Games Are Postponed Because of Coronavirus Cases: Two positive tests for the virus within the organization\xe2\x80\xa6 https://t.co/RZBebnpCME'|40.7332086|-74.00187056
b"WEEKEND REMINDER! COVID-19 Policies are still in full swing here and we've adjusted some details here and there. Pl\xe2\x80\xa6 https://t.co/uYtK2OToNq"|39.2567577|-84.2771862
b'https://t.co/q1bIRBjDj8 This post has local news on the coronavirus pandemic from Wednesday, Aug. 19. If you have a\xe2\x80\xa6 https://t.co/9AxKzGrNgv'|30.26585335|-97.73549055
b'This Lending job might be a great fit for you. Click the link in our bio to see it and more. Bilingual Virtual Memb\xe2\x80\xa6 https://t.co/hDoFTj8biW'|27.958577|-82.453115
b'This city rises from the canvas. \n\nDespu\xc3\xa9s de meses sin la edici\xc3\xb3n impresa de @timeoutlondon We finally start to se\xe2\x80\xa6 https://t.co/8PXzyqEVsi'|51.5141|-0.1094
b'Bloomfield Pulse Condolences to all of the families \n\nEssex County Coronavirus Cases\nUpdated: Thursday, August 20,\xe2\x80\xa6 https://t.co/6kggsH9gq4'|40.8073|-74.1924
b'COVID-19 update @ Queens County (New York) https://t.co/TQIdvKvt1c'|40.75|-73.86666667
b"\xe2\x9c\x85  RT @BarackObama: While other countries around the world have successfully managed this pandemic, we've seen thin\xe2\x80\xa6 https://t.co/sWzFgBA5hX"|31.127896|-97.711195
b'COVID-19 update @ Queens ,New York City https://t.co/REIWXQzF3R'|40.7495469|-73.8858686
b"Virtually taking you to Universal Studio Osaka Japan. We're standing at Three Broomsticks backyard overlooking Hogw\xe2\x80\xa6 https://t.co/mGI1C2gbhR"|34.66861589|135.43150842
b'Here are my 5 Tips for visiting the DMV during COVID...1) Do as much online as possible to get the Stop sign applic\xe2\x80\xa6 https://t.co/762lh9cqpz'|33.82844897|-118.31108059
b'Today!!! Doors open at 5pm. The kitchen will be serving up your Art Bar favorites plus... CORN DOGS!!!  All social\xe2\x80\xa6 https://t.co/EMeXe7u3Kn'|34.00072|-81.03747
b"Miss Alika Mathur is one of our panelists in the virtual discussion on 'Study Abroad In The Time Of COVID-19' on Th\xe2\x80\xa6 https://t.co/KYcPoU6Jcm"|-1.28333|36.8167
b'Good morning foggy coronavirus smokescape #bernalheights #2020dumpsterfire @ Bernal Heights https://t.co/UXR8LnGPJ4'|37.739883|-122.416549
b'News | No new COVID-19 cases (Aug 21) https://t.co/17m6FtLIU8'|44.56192559|-63.76743365
b'my celebration, my big wedding was going to be tomorrow, but....covid happened. no one knew we were going to be in\xe2\x80\xa6 https://t.co/ZX1LdQslu2'|32.7155|-117.1585
b'Congratulations to the beautiful, @ladydhi on your wedding!\xe2\x81\xa3\xe2\x81\xa3\xe2\x81\xa3 May you both find bliss with each other, from now ti\xe2\x80\xa6 https://t.co/2h16LWrx1I'|1.31437055|103.89179509
b'Congrats to Buya Turay on scoring his first goal for his new club, Hebei China Fortune! \xe2\x9a\xbd \xf0\x9f\x87\xa8\xf0\x9f\x87\xb3 Fans are still not all\xe2\x80\xa6 https://t.co/iNOw4jOQXi'|35.0|103.0
b'Coronavirus Response. #drawing #penandink #copic #multiliner #copicmarkers #coronavirus #death #plaguedoctor\xe2\x80\xa6 https://t.co/Te9o6vatzQ'|39.90206|-79.72572
b'TODAY @lavender_blues Studios we will hosting @yayaearth in support of a fundraiser by @thesanaaproject + lvngwomb\xe2\x80\xa6 https://t.co/OVs0nuHnMw'|40.65105158|-73.94226126
b'New Beginnings New Opportunities \n@kailynoneal is all settled in and ready to start her Junior year of college.  Sh\xe2\x80\xa6 https://t.co/0zUNC5H6u6'|29.948479|-90.070864
b'Covid-19 is still a thing. @ Inland Empire, CA https://t.co/1LFuasmcze'|33.91428223|-117.49086336
b'Need new wheels during COVID....plenty of complete wheel sets available including mark downs.... Wheels from enkeiw\xe2\x80\xa6 https://t.co/ld6t7r5CWv'|29.4374312|-98.6852689
b"Well COVID-19 has taken a toll on all of us, I'm done trying to put a mask on this beast. @ Milwaukee, Wisconsin https://t.co/gyoBj3px5a"|43.0373|-87.9188
b'Run Run RUN \xf0\x9f\x8f\x83\xf0\x9f\x8f\xbd\xe2\x80\x8d\xe2\x99\x80\xef\xb8\x8f...don\xe2\x80\x99t walk to bodymachinefitness!! Classes all weekend long for you AND your friends! \n.\n. \n\xe2\x9c\xb3\xef\xb8\x8fW\xe2\x80\xa6 https://t.co/aKXC64j5kZ'|33.0561252|-96.8338196
b"Still quarantining and sh*t!!! The rain was trying it  but Covid  couldn't stop the \xf0\x9f\x8c\x9e from blessing our skin for \xf0\x9f\x93\xb7:\xe2\x80\xa6 https://t.co/0izaxcHiMb"|40.70635332|-74.00386864
b'Worth re-reading. Covid has remembered us the risk of making ourselves too comfortable. \n#marketing #mycheese\xe2\x80\xa6 https://t.co/v7aHfcztgf'|41.3894|2.1683
b"Fighting Stigma: Irish county to remain under lockdown, business body told: DUBLIN (Reuters) - Ireland's public hea\xe2\x80\xa6 https://t.co/O9CTUyfpMC"|45.75975883|-73.56725453
b'Fighting Stigma: Roundup: Pain and dementia tech launches in the UK, N Ireland COVID-19 app reaches 250k ...: PHE c\xe2\x80\xa6 https://t.co/aWNoHeWgOp'|45.75975883|-73.56725453
b'Data includes 60 new positive coronavirus (COVID-19) cases, bringing the District\xe2\x80\x99s overall positive case total to\xe2\x80\xa6 https://t.co/4FqUFHXT2G'|40.7207559|-74.0007613
b'@416Antique Fall 2020 is cancelled due to the current Provincial Covid-19 Guidelines.\nIndoor gatherings (including\xe2\x80\xa6 https://t.co/pJ6vRtlh9S'|43.6328883|-79.42052835
b'https://t.co/q1bIRBjDj8 The foundation, which was set to include a category dedicated to Texas chefs the first time\xe2\x80\xa6 https://t.co/hxz6bf9f6W'|30.26585335|-97.73549055
b'It\xe2\x80\x99s here! COVID design thinking workshop with @thenicecenter is going great! @ Downtown Fargo https://t.co/3ItN0P7imu'|46.876665|-96.789205
b'TODAY: Sign this petition to urge Congress to open an investigation into ICE detention facilities. During COVID-19,\xe2\x80\xa6 https://t.co/nJH8P1YusQ'|38.96113331|-77.00462935
b'The Fall 2020 @416VintageShow is cancelled due to the current Provincial Covid-19 Guidelines.\nIndoor gatherings (in\xe2\x80\xa6 https://t.co/JGiOFoEFRN'|43.6328883|-79.42052835
b'Nodal Officer COVID-19 UTs of J&amp;K, Ladakh visits Budgam; reviews virus containment measures\n\nInspects quarantine an\xe2\x80\xa6 https://t.co/IEaFTfVWyN'|34.0152|74.7212
b'Working on something fun today. COVID-19 precautions all in order: questionnaire, temp check, sanitizer, wristband,\xe2\x80\xa6 https://t.co/GqIBTvHoNL'|43.648|-79.3872
b"Brit Briton thinks I shouldn't tell you that 2 students left quarantine at Dean Hall and have moved into Seaton &amp; W\xe2\x80\xa6 https://t.co/0OplMtCrHl"|42.24457692|-84.74611741
b'COVID-19 update \nHome???\n100-15 204th St, Queens, NY 1142\nTo get breakfast \nMy landlord she argued with me about ta\xe2\x80\xa6 https://t.co/C7L9PBB8NF'|40.7495469|-73.8858686
b'Tonight from 6-8 pm! It\xe2\x80\x99s free! Bring money for food or drink at concession stand. Everyone must sign-in upon entra\xe2\x80\xa6 https://t.co/O9dlaUzCLO'|38.14137865|-97.4258672
b'#covid maps for last 4weeks 30-33 (upto Sun 16th). Still all calm on the #Prestwich front. Even Sedgley has dropped\xe2\x80\xa6 https://t.co/LvEzPvZnLY'|53.5333|-2.2833
b'That ride olways brings up the smil ....These are the crew change during the Covid ..\nFeels like hell in those plas\xe2\x80\xa6 https://t.co/p2SlI5UkZ2'|19.0627|72.8764
b'After watching the Democratic Convention this year I am worryingly convinced of the fact that Donald Trump has fail\xe2\x80\xa6 https://t.co/57EPjrylOu'|31.75|35.0
b'#Forex Guess who hit the 200k mark off Trading \xf0\x9f\x93\x88\xf0\x9f\x93\x89\xf0\x9f\x93\x8a!! Today my 2nd year Forex &amp; Stock Trading &amp; Grossed at 200k  &amp; 1\xe2\x80\xa6 https://t.co/UG13K4SAgy'|36.11414323|-115.19878946
b'#BreakingNews: Another @themohgovjm staffer has tested positive for Covid-19, forcing a closure of their New Kingst\xe2\x80\xa6 https://t.co/6y33s0QCXS'|18.0071297|-76.7883606
b'I\xe2\x80\x99m sure we are not alone in saying this year as been a struggle for us. Between COVID regulations, financial conce\xe2\x80\xa6 https://t.co/axRcbVGrxa'|42.87011901|-78.87204972
b'HUMBER ALUMNI INTERVIEWS\n\xe2\x80\xa2\nFRIDAYS at 2 PM on https://t.co/ReTiyT61Aa\n\xc2\xa0\xe2\x80\xa2\nJoin us as we speak with Humber Alumni abo\xe2\x80\xa6 https://t.co/4mUHELXsCH'|43.72891962|-79.60806889
b'Shelter in Place (Day 155).\n#crisis #america #americanflag #blm #coronavirus #covid19 #covid_19 #usa #usa\xf0\x9f\x87\xba\xf0\x9f\x87\xb8\xe2\x80\xa6 https://t.co/AjZeAwzq3W'|36.97205|-122.026252
b'\xf0\x9f\x92\x95FREE COVID TESTING \xf0\x9f\x92\x95\nBabes Only has you covered with free Covid testing today! Easy to sign up and results in 3-5\xe2\x80\xa6 https://t.co/AB1AG2x7PM'|41.883222|-87.632496
b'It\xe2\x80\x99s Friday! Let\xe2\x80\x99s give a shout out to all our CSG athletes competing during this crazy time. They continue to love\xe2\x80\xa6 https://t.co/cl0srjKpWk'|39.9624|-82.9996
b'Covid-19 prevention tips:Wear mask,Keep your place clean,Use sanitizer\xf0\x9f\xa4\x97..But my tip #wfh #TQDESICREW desicrewsoluti\xe2\x80\xa6 https://t.co/Mxjyh2w2KX'|11.50754964|77.40549207
b'NADCA\xe2\x80\x99s Fall Technical Conference to go Virtual due to COVID-19 Pandemic https://t.co/VDyTJmTVtA https://t.co/HN9oucBTys'|40.76888109|-73.97235966
b"\xf0\x9f\x93\x8c Happy Doctor's Day in IRAN\n#wewintogether\n\n#doctors #doctor #covid19 #covid_19 #coronavirus #corona #happy\xe2\x80\xa6 https://t.co/EEOR9VRZso"|40.71270142|-74.00589108
b'Coronavirus forces set-building firm 3D Creations to close - The Stage https://t.co/KHYNh4kk75'|51.5447969|0.04968474
b'Sunlo Hamari Pukaar \xf0\x9f\xa5\xba\xf0\x9f\x98\xa5 Exams in Covid 19 @ India https://t.co/uppMAJdvFL'|21.0|77.0
b'"Child &amp; Adolescent Mental Health during Covid-19-Session II"\nGratitude to Sunil Dahal Sir and Sneha Bajracharya Ma\xe2\x80\xa6 https://t.co/sPH0hFFttB'|27.68577497|85.33503771
b'Fighting Stigma \xe2\x80\x94 Zbto heightens anti-stigma and discrimination awareness: Zunheboto, August 21 (MExN): A one day s\xe2\x80\xa6 https://t.co/uXg34B62wZ'|45.63697547|-73.56726563
b'Fighting Stigma: All available data being used as Alberta prepares to reopen schools safely: Hinshaw: \xe2\x80\x9cThere are se\xe2\x80\xa6 https://t.co/EQbSbFRqnh'|45.75975883|-73.56725453
b'\xf0\x9f\xa4\xaa\xf0\x9f\xa4\xaa\xf0\x9f\xa4\xaa\n\nThe face you make, when you realize your about to get your 3rd Covid test in a week, and you know the rest wan\xe2\x80\xa6 https://t.co/Mf0L0uRHEN'|33.1508|-96.8261
b'New fall start times coming soon with COVID precautions -  stay tuned and see you soon! @ Edmonton, Alberta https://t.co/UCOE3RkNQ3'|53.5415|-113.5016
b'I have dueling guitars to the right and left of me. I guess COVID high school isn\xe2\x80\x99t all bad. @ Edgewood, New Mexico https://t.co/zppMAghLPY'|35.0677|-106.191
b'\xc2\xa31m funding package for #Coventry College to help city recover from Covid-19 https://t.co/pPqFyjQHos https://t.co/K5fqRRiK5v'|52.28424286|-1.53536081
b'Africa has always been wrongfully stereotyped as being diseased ridden, the tide has now turned.\n.\n.\n.\n.\n.\n.\n.\n.\n.\xe2\x80\xa6 https://t.co/RrvuZrS8Sx'|1.0|17.0
b'What an incredible day with @rollinglivepro at the bourbonroomhollywood, shooting a video with the great billyfgibb\xe2\x80\xa6 https://t.co/De0uI3vuK9'|34.10126|-118.3285
b'"Everybody is dealing with COVID-19 quarantines and restrictions in different ways."\n\n@PGHCityPaper reached out to\xe2\x80\xa6 https://t.co/ooyKcfEyqS'|40.4304597|-79.9236097
b'Looking for a great way to give back to the community? Join Mental and Physical Health for their annual blood drive\xe2\x80\xa6 https://t.co/vzoFljlYla'|38.2525|-85.7554
b'On the average, a minimum of 85 expatriates enter Lagos(pre Covid) for business daily.\n\nThe Lagos Free Trade Zone b\xe2\x80\xa6 https://t.co/O6rezhuR83'|9.04335291|7.50141676
b'It\xe2\x80\x99s been almost exactly five months since the first case of Covid-19 emerged in Hamilton, and we\xe2\x80\x99re only beginning\xe2\x80\xa6 https://t.co/kNUPCnvgE4'|43.25376|-79.8621696
b'A silver lining to Covid? Getting Pike Place Market to yourself!\n\nJust kidding, that statement is really privileged\xe2\x80\xa6 https://t.co/TgFFMEA6f0'|47.609232|-122.34096936
b'Maybe they don\xe2\x80\x99t want to get criticized later, but surprised the nfl hasn\xe2\x80\x99t been more vocal about the lack of covid\xe2\x80\xa6 https://t.co/V8R26ouOG5'|43.02856445|-78.67672245
b'Did you know that we aquired a second space right before Covid 19 hit? Yep! We only got to use for about a month.\xe2\x80\xa6 https://t.co/nh5S7ggMdj'|37.8338903|-122.2729176
